name,address,rating,reviews_count,price_range,lat,lon,district,village,regency,type,phone,website,opening_hours,opening_hours_weekly,maps_link,search_query,scraped_at,coordinate_source,precision_score
18+ Music Bar,"Bar ·  · Rooftop Uttara The Icon Apartment, Jl. Kaliurang No.72 Km. 5,5 No",4.6,93,Rp 75–100 rb per orang,-7.7582126,110.3812969,Mlati,Sinduadi,Sleman,Modern,0818-1823-1818,http://pulangkeuttara.com/,Buka ⋅ Tutup pukul 00.00,"{'Kamis': '17.00–00.00', 'Jumat': '17.00–00.00', 'Sabtu': '17.00–00.00', 'Minggu': '17.00–00.00', 'Senin': '17.00–00.00', 'Selasa': '17.00–00.00', 'Rabu': '17.00–00.00'}",https://www.google.com/maps/place/18%2B+Music+Bar/data=!4m7!3m6!1s0x2e7a59a6ec98edeb:0xb8cdd0415f1fb31c!8m2!3d-7.7582126!4d110.3812969!16s%2Fg%2F11l23p9k54!19sChIJ6-2Y7KZZei4RHLMfX0HQzbg?authuser=0&hl=id&rclk=1,Bar  dekat alun alun kidul,2025-08-28T17:54:47.467144,extract_from_url,0.9
& Boba Bar Jakal - Jogja,"Purwosari, Sinduadi, Kec. Mlati, Kabupaten Sleman, Daerah Istimewa Yogyakarta 55284",5.0,21,,-7.7516348,110.3851171,Mlati,Sinduadi,Sleman,Modern,,,Buka ⋅ Tutup pukul 21.00,"{'Kamis': '10.00–21.00', 'Jumat': '10.00–21.00', 'Sabtu': '10.00–21.00', 'Minggu': '10.00–21.00', 'Senin': '10.00–21.00', 'Selasa': '10.00–21.00', 'Rabu': '10.00–21.00'}",https://www.google.com/maps/place/%26+Boba+Bar+Jakal+-+Jogja/data=!4m7!3m6!1s0x2e7a59169dddf609:0xb21bbeac4ea58837!8m2!3d-7.7516348!4d110.3851171!16s%2Fg%2F11mxw1jwqn!19sChIJCfbdnRZZei4RN4ilTqy-G7I?authuser=0&hl=id&rclk=1,Bar  dekat alun alun kidul,2025-08-28T17:54:47.468068,extract_from_url,0.9
Warunk Rejeki,"Bar · 69VV+7W2, Jl. Affandi",5.0,11,Rp 25–50 rb per orang,-7.7566711,110.3946936,Mlati,Sinduadi,Sleman,Modern,,,Buka ⋅ Tutup pukul 23.00,"{'Kamis': '12.00–23.00', 'Jumat': '12.00–23.00', 'Sabtu': '12.00–23.00', 'Minggu': '12.00–23.00', 'Senin': '12.00–23.00', 'Selasa': '12.00–23.00', 'Rabu': '12.00–23.00'}",https://www.google.com/maps/place/Warunk+Rejeki/data=!4m7!3m6!1s0x2e7a59004e5b5ad1:0x56dbd120959eaae4!8m2!3d-7.7566711!4d110.3946936!16s%2Fg%2F11vm7gb4jn!19sChIJ0VpbTgBZei4R5KqelSDR21Y?authuser=0&hl=id&rclk=1,Bar  dekat alun alun kidul,2025-08-28T17:54:47.469509,extract_from_url,0.9
Cuba Libre,Bar · Jl. Melon Mundusaren No.12,4.4,394,$$,-7.7761786,110.4031704,Sleman,Sleman,Sleman,Modern,0817-530-882,,Buka ⋅ Tutup pukul 02.00,"{'Kamis': '15.00–02.00', 'Jumat': '15.00–02.00', 'Sabtu': '15.00–02.00', 'Minggu': '15.00–02.00', 'Senin': '15.00–02.00', 'Selasa': '15.00–02.00', 'Rabu': '15.00–02.00'}",https://www.google.com/maps/place/Cuba+Libre/data=!4m7!3m6!1s0x2e7a59ea62c68969:0x92ef29eb4371f9d5!8m2!3d-7.7761786!4d110.4031704!16s%2Fg%2F11b6jdddm3!19sChIJaYnGYupZei4R1flxQ-sp75I?authuser=0&hl=id&rclk=1,Bar  dekat alun alun kidul,2025-08-28T17:54:47.855161,extract_from_url,0.9
Taman Sari Bar & Grill Restaurant,"Steak · Yogyakarta Marriott Hotel, Jl. Ring Road Utara 2nd Floor",4.8,224,Rp 250.000+ per orang,-7.7618017,110.3981728,Mlati,Sinduadi,Sleman,Cafe & Restaurant,(0274) 6000888,https://www.marriott.com/en-us/dining/restaurant-bar/jogmc-yogyakarta-marriott-hotel/6044297-soir-e-lounge-grill.mi,Buka ⋅ Tutup pukul 23.00,{},https://www.google.com/maps/place/Taman+Sari+Bar+%26+Grill+Restaurant/data=!4m7!3m6!1s0x2e7a59a316ba1183:0xd584a0d88561d888!8m2!3d-7.7618017!4d110.3981728!16s%2Fg%2F11f4l990zc!19sChIJgxG6FqNZei4RiNhhhdighNU?authuser=0&hl=id&rclk=1,Bar  dekat alun alun kidul,2025-08-28T17:54:47.861598,extract_from_url,0.9
Happy Puppy Ringroad Utara,Bar Karaoke ·  · Jl. Ring Road Utara No.33,4.6,3760,Rp 25–50 rb per orang,-7.7576121,110.3865066,Mlati,Sinduadi,Sleman,Modern,(0274) 886035,,Buka ⋅ Tutup pukul 02.00,"{'Kamis': '11.00–02.00', 'Jumat': '11.00–02.00', 'Sabtu': '11.00–02.00', 'Minggu': '11.00–02.00', 'Senin': '11.00–02.00', 'Selasa': '11.00–02.00', 'Rabu': '11.00–02.00'}",https://www.google.com/maps/place/Happy+Puppy+Ringroad+Utara/data=!4m7!3m6!1s0x2e7a59a5e73a41ef:0xfde3704b92a31e6a!8m2!3d-7.7576121!4d110.3865066!16s%2Fg%2F1tdsmd4d!19sChIJ70E656VZei4Rah6jkktw4_0?authuser=0&hl=id&rclk=1,Bar  dekat alun alun kidul,2025-08-28T17:54:47.869478,extract_from_url,0.9
basori(ꦧꦱꦺꦴꦫꦶ),"Bar · 59R6+JFX, Jl. Magangan Kulon",4.6,18,,-7.8083882,110.3612401,Yogyakarta,Malioboro,Yogyakarta,Modern,0899-5081-999,,Buka 24 jam,"{'Kamis': 'Buka 24 jam', 'Jumat': 'Buka 24 jam', 'Sabtu': 'Buka 24 jam', 'Minggu': 'Buka 24 jam', 'Senin': 'Buka 24 jam', 'Selasa': 'Buka 24 jam', 'Rabu': 'Buka 24 jam'}",https://www.google.com/maps/place/basori%28%EA%A6%A7%EA%A6%B1%EA%A6%BA%EA%A6%B4%EA%A6%AB%EA%A6%B6%29/data=!4m7!3m6!1s0x2e7a5728d89d4dc1:0x497ea3cddd0fda9a!8m2!3d-7.8083882!4d110.3612401!16s%2Fg%2F11ghfd7r67!19sChIJwU2d2ChXei4RmtoP3c2jfkk?authuser=0&hl=id&rclk=1,Bar  dekat alun alun utara,2025-08-28T17:55:54.340272,extract_from_url,0.9
Pub Med Yogyakarta,"Bar · Meliá Purosani Yogyakarta, Jl. Mayor Suryotomo No.31",4.2,26,,-7.7970305,110.3687073,Jetis,Bumijo,Yogyakarta,Modern,(0274) 589521,,Buka ⋅ Tutup pukul 23.00,"{'Kamis': '10.00–23.00', 'Jumat': '10.00–23.00', 'Sabtu': '10.00–00.00', 'Minggu': '10.00–23.00', 'Senin': '10.00–23.00', 'Selasa': '10.00–23.00', 'Rabu': '10.00–23.00'}",https://www.google.com/maps/place/Pub+Med+Yogyakarta/data=!4m7!3m6!1s0x2e7a578653c64307:0xb7c1372cf5e55b5d!8m2!3d-7.7970305!4d110.3687073!16s%2Fg%2F1pzv8t4sc!19sChIJB0PGU4ZXei4RXVvl9Sw3wbc?authuser=0&hl=id&rclk=1,Bar  dekat alun alun utara,2025-08-28T17:55:54.362179,extract_from_url,0.9
Angkringan Kriwil꧋ꦄꦁꦏꦿꦶꦔꦤ꧀ꦏꦿꦶꦮꦶꦭ꧀,Bar · No Jl. Alun-Alun Utara No.1,4.6,16,$,-7.8052874,110.3630437,Yogyakarta,Malioboro,Yogyakarta,Traditional,0838-2952-5993,,Buka ⋅ Tutup pukul 03.00,"{'Kamis': '17.30–03.00', 'Jumat': '17.30–03.00', 'Sabtu': '17.30–03.00', 'Minggu': '17.30–03.00', 'Senin': '17.30–03.00', 'Selasa': '17.30–03.00', 'Rabu': '17.30–03.00'}",https://www.google.com/maps/place/Angkringan+Kriwil%EA%A7%8B%EA%A6%84%EA%A6%81%EA%A6%8F%EA%A6%BF%EA%A6%B6%EA%A6%94%EA%A6%A4%EA%A7%80%EA%A6%8F%EA%A6%BF%EA%A6%B6%EA%A6%AE%EA%A6%B6%EA%A6%AD%EA%A7%80/data=!4m7!3m6!1s0x2e7a578e30f65603:0x32b13124e30e0325!8m2!3d-7.8052874!4d110.3630437!16s%2Fg%2F11clzr31km!19sChIJA1b2MI5Xei4RJQMO4yQxsTI?authuser=0&hl=id&rclk=1,Bar  dekat alun alun utara,2025-08-28T17:55:54.372265,extract_from_url,0.9
Teh tarik semar,Bar Minuman Koktail · Kauman gm 1 No.225,5.0,1,,-7.7999451,110.3651385,Jetis,Bumijo,Yogyakarta,Modern,0831-3144-4475,,,{},https://www.google.com/maps/place/Teh+tarik+semar/data=!4m7!3m6!1s0x2e7a572c65204f3d:0xd9b06be01bb92a51!8m2!3d-7.7999451!4d110.3651385!16s%2Fg%2F11sfbtwvs2!19sChIJPU8gZSxXei4RUSq5G-BrsNk?authuser=0&hl=id&rclk=1,Bar  dekat alun alun utara,2025-08-28T17:55:54.557290,extract_from_url,0.9
BLACKDOOR Lounge & KTV,Lounge ·  · Jl. Pajeksan No.55,4.5,194,Rp 250.000+ per orang,-7.7960882,110.3625652,Jetis,Bumijo,Yogyakarta,Modern,0882-2785-6304,,Segera buka ⋅ Buka pukul 18.00,"{'Kamis': '18.00–03.00', 'Jumat': '18.00–03.00', 'Sabtu': '18.00–03.00', 'Minggu': '18.00–03.00', 'Senin': '18.00–03.00', 'Selasa': '18.00–03.00', 'Rabu': '18.00–03.00'}",https://www.google.com/maps/place/BLACKDOOR+Lounge+%26+KTV/data=!4m7!3m6!1s0x2e7a5993032c838b:0xf690bedfda29d738!8m2!3d-7.7960882!4d110.3625652!16s%2Fg%2F11j3kx14zh!19sChIJi4MsA5NZei4RONcp2t--kPY?authuser=0&hl=id&rclk=1,Bar  dekat alun alun utara,2025-08-28T17:55:54.575821,extract_from_url,0.9
10/10 Pool Bar Rooftop,"Bar ·  · 10th floor of Novotel Suites, Jl. Malioboro No.52 58",4.9,100,,-7.7931709,110.3665629,Jetis,Bumijo,Yogyakarta,Modern,(0274) 5018888,https://1010poolbar.com/,Buka ⋅ Tutup pukul 00.00,"{'Kamis': '08.00–00.00', 'Jumat': '08.00–00.00', 'Sabtu': '08.00–00.00', 'Minggu': '08.00–00.00', 'Senin': '08.00–00.00', 'Selasa': '08.00–00.00', 'Rabu': '08.00–00.00'}",https://www.google.com/maps/place/10%2F10+Pool+Bar+Rooftop/data=!4m7!3m6!1s0x2e7a595128cf93f9:0x20fd17008bb85edd!8m2!3d-7.7931709!4d110.3665629!16s%2Fg%2F11q3rc9fk3!19sChIJ-ZPPKFFZei4R3V64iwAX_SA?authuser=0&hl=id&rclk=1,Bar  dekat alun alun utara,2025-08-28T17:55:54.629566,extract_from_url,0.9
Punika Deli,"Kedai Kopi ·  · Royal Ambarrukmo Lobby, Jl. Laksda Adisucipto No.81",4.7,432,$$,-7.7824588,110.402625,Catur Tunggal,Ambarukmo,Sleman,Modern,(0274) 488488,http://www.royalambarrukmo.com/,Buka ⋅ Tutup pukul 23.00,"{'Kamis': '08.00–23.00', 'Jumat': '08.00–23.00', 'Sabtu': '08.00–23.00', 'Minggu': '08.00–23.00', 'Senin': '08.00–23.00', 'Selasa': '08.00–23.00', 'Rabu': '08.00–23.00'}",https://www.google.com/maps/place/Punika+Deli/data=!4m7!3m6!1s0x2e7a59e8195a3f25:0xfa15f1ce87bc78a6!8m2!3d-7.7824588!4d110.402625!16s%2Fg%2F11c2qxrtz4!19sChIJJT9aGehZei4Rpni8h87xFfo?authuser=0&hl=id&rclk=1,Bar  dekat ambarukmo plaza,2025-08-28T17:56:46.922991,extract_from_url,0.9
Arcadaz Speakeasy Lounge and Bar,Lounge · Jl. Laksda Adisucipto No.82,4.7,186,,-7.7835759,110.4005488,Catur Tunggal,Ambarukmo,Sleman,Modern,(0274) 2800088,http://grammhotel.com/,Buka ⋅ Tutup pukul 00.00,"{'Kamis': '16.00–00.00', 'Jumat': '16.00–03.00', 'Sabtu': '16.00–03.00', 'Minggu': '17.00–00.00', 'Senin': '16.00–00.00', 'Selasa': '16.00–00.00', 'Rabu': '16.00–00.00'}",https://www.google.com/maps/place/Arcadaz+Speakeasy+Lounge+and+Bar/data=!4m7!3m6!1s0x2e7a59c2c92000b3:0xead666e7576aaf70!8m2!3d-7.7835759!4d110.4005488!16s%2Fg%2F11f40hg8fw!19sChIJswAgycJZei4RcK9qV-dm1uo?authuser=0&hl=id&rclk=1,Bar  dekat ambarukmo plaza,2025-08-28T17:56:46.812183,extract_from_url,0.9
Boost juice Ambarukmo,"6C92+3GW, Ambarukmo, Caturtunggal, Kec. Depok, Kabupaten Sleman, Daerah Istimewa Yogyakarta",5.0,349,Rp 50–75 rb per orang,-7.7822514,110.4013247,Catur Tunggal,Ambarukmo,Sleman,Modern,0878-7265-9454,https://www.intagram.com/boostjuice_id,Buka ⋅ Tutup pukul 22.00,"{'Kamis': '10.00–22.00', 'Jumat': '10.00–22.00', 'Sabtu': '10.00–22.00', 'Minggu': '10.00–22.00', 'Senin': '10.00–22.00', 'Selasa': '10.00–22.00', 'Rabu': '10.00–22.00'}",https://www.google.com/maps/place/Boost+juice+Ambarukmo/data=!4m7!3m6!1s0x2e7a59077fa6c805:0x5cd7509c74dc65bf!8m2!3d-7.7822514!4d110.4013247!16s%2Fg%2F11kq_c2720!19sChIJBcimfwdZei4Rv2XcdJxQ11w?authuser=0&hl=id&rclk=1,Bar  dekat ambarukmo plaza,2025-08-28T17:56:46.821992,extract_from_url,0.9
Pretty Odd Coffee Bar,Kafe · Jl. Nogopuro No.35,4.8,206,Rp 25–50 rb per orang,-7.7836046,110.4035312,Catur Tunggal,Gowok,Sleman,Coffee Shop,0856-1871-125,,Buka ⋅ Tutup pukul 22.00,"{'Kamis': '08.00–22.00', 'Jumat': '08.00–22.00', 'Sabtu': '08.00–22.00', 'Minggu': '08.00–22.00', 'Senin': '08.00–22.00', 'Selasa': '08.00–22.00', 'Rabu': '08.00–22.00'}",https://www.google.com/maps/place/Pretty+Odd+Coffee+Bar/data=!4m7!3m6!1s0x2e7a59454ef59547:0x962c5108c2486f12!8m2!3d-7.7836046!4d110.4035312!16s%2Fg%2F11j3rxdj9t!19sChIJR5X1TkVZei4REm9IwghRLJY?authuser=0&hl=id&rclk=1,Bar  dekat ambarukmo plaza,2025-08-28T17:56:48.637717,extract_from_url,0.9
Mya,Tempat Bermain Dart · Jl. Laksda Adisucipto No.171,5.0,1,,-7.7830871,110.3987326,Catur Tunggal,Ambarukmo,Sleman,Modern,,,,{},https://www.google.com/maps/place/Mya/data=!4m7!3m6!1s0x2e7a59001ca83f65:0x860409904fcb0cd2!8m2!3d-7.7830871!4d110.3987326!16s%2Fg%2F11vz1jv15y!19sChIJZT-oHABZei4R0gzLT5AJBIY?authuser=0&hl=id&rclk=1,Bar  dekat ambarukmo plaza,2025-08-28T17:56:49.668094,extract_from_url,0.9
Havana Bar & Grill,"2 & 4, Changkat Bukit Bintang, Bukit Bintang, 50200 Kuala Lumpur, Wilayah Persekutuan Kuala Lumpur, Malaysia",4.3,4345,$$,3.14776,101.7069067,Bukit Bintang,Changkat Bukit Bintang,Kuala Lumpur,Modern,+60 11-5587 6956,http://havanakl.com/,Buka ⋅ Tutup pukul 03.00,{},https://www.google.com/maps/place/Havana+Bar+%26+Grill/data=!4m7!3m6!1s0x31cc362a763d5a15:0x7de51b556dce3ad8!8m2!3d3.14776!4d101.7069067!16s%2Fg%2F1vnrn3cv!19sChIJFVo9dio2zDER2DrObVUb5X0?authuser=0&hl=id&rclk=1,Bar  dekat bukit bintang,2025-08-28T17:58:08.665001,extract_from_url,0.9
Pahit,"3, Jln Sin Chew Kee, Bukit Bintang, 50150 Kuala Lumpur, Wilayah Persekutuan Kuala Lumpur, Malaysia",4.6,778,$$,3.1433941,101.7051091,Bukit Bintang,Jalan Sin Chew Kee,Kuala Lumpur,Modern,+60 3-2110 0776,https://www.facebook.com/barpahit,Buka ⋅ Tutup pukul 01.00,"{'Kamis': '17.00–01.00', 'Jumat': '17.00–01.00', 'Sabtu': '17.00–01.00', 'Minggu\n(Hari Merdeka)': '17.00–01.00\nJam buka dapat berbeda', 'Senin\n(Hari Merdeka (Libur Khusus))': 'Tutup\nJam buka dapat berbeda', 'Selasa': '17.00–01.00', 'Rabu': '17.00–01.00'}",https://www.google.com/maps/place/Pahit/data=!4m7!3m6!1s0x31cc49d7a2e5f45f:0x3a41b0723fcfaf3c!8m2!3d3.1433941!4d101.7051091!16s%2Fg%2F11b6hylgfs!19sChIJX_TlotdJzDERPK_PP3KwQTo?authuser=0&hl=id&rclk=1,Bar  dekat bukit bintang,2025-08-28T17:58:08.807542,extract_from_url,0.9
The Whisky Bar KL,"46, Changkat Bukit Bintang, Bukit Bintang, 50200 Kuala Lumpur, Wilayah Persekutuan Kuala Lumpur, Malaysia",4.5,810,$$,3.1475396,101.7080995,Bukit Bintang,Changkat Bukit Bintang,Kuala Lumpur,Modern,+60 12-735 6709,http://www.thewhiskybarkl.com/,Buka ⋅ Tutup pukul 01.00,"{'Kamis': '16.30–01.00', 'Jumat': '16.30–02.00', 'Sabtu': '16.30–02.00', 'Minggu\n(Hari Merdeka)': '16.30–02.00\nJam buka dapat berbeda', 'Senin\n(Hari Merdeka (Libur Khusus))': '16.30–02.00\nJam buka dapat berbeda', 'Selasa': '16.30–02.00', 'Rabu': '16.30–01.00'}",https://www.google.com/maps/place/The+Whisky+Bar+KL/data=!4m7!3m6!1s0x31cc362a3b040301:0x85086360d53f2c6f!8m2!3d3.1475396!4d101.7080995!16s%2Fg%2F1th54hg3!19sChIJAQMEOyo2zDERbyw_1WBjCIU?authuser=0&hl=id&rclk=1,Bar  dekat bukit bintang,2025-08-28T17:58:08.774892,extract_from_url,0.9
Pisco Bar,"29, Jln Mesui, Bukit Bintang, 50200 Kuala Lumpur, Wilayah Persekutuan Kuala Lumpur, Malaysia",4.3,1427,$$$,3.1485414,101.7086756,Bukit Bintang,Jalan Mesui,Kuala Lumpur,Modern,+60 17-928 2900,http://www.piscobarkl.com/,Buka ⋅ Tutup pukul 02.00,"{'Kamis': '17.00–02.00', 'Jumat': '17.00–03.00', 'Sabtu': '17.00–03.00', 'Minggu\n(Hari Merdeka)': '17.00–02.00\nJam buka dapat berbeda', 'Senin\n(Hari Merdeka (Libur Khusus))': 'Tutup\nJam buka dapat berbeda', 'Selasa': '17.00–02.00', 'Rabu': '17.00–02.00'}",https://www.google.com/maps/place/Pisco+Bar/data=!4m7!3m6!1s0x31cc362a59c4e735:0xa0671191e8adc2d0!8m2!3d3.1485414!4d101.7086756!16s%2Fg%2F12qg0b0vm!19sChIJNefEWSo2zDER0MKt6JERZ6A?authuser=0&hl=id&rclk=1,Bar  dekat bukit bintang,2025-08-28T17:58:09.722830,extract_from_url,0.9
The Rabbit Hole,"16, Changkat Bukit Bintang, Bukit Bintang, 50200 Kuala Lumpur, Wilayah Persekutuan Kuala Lumpur, Malaysia",4.5,2678,RM 20–60 per orang,3.1479982,101.7071577,Bukit Bintang,Changkat Bukit Bintang,Kuala Lumpur,Modern,+60 11-6235 1099,http://www.rabbithole.com.my/,Buka ⋅ Tutup pukul 01.00,"{'Kamis': '09.00–01.00', 'Jumat': '09.00–02.00', 'Sabtu': '09.00–02.00', 'Minggu\n(Hari Merdeka)': '09.00–01.00\nJam buka dapat berbeda', 'Senin\n(Hari Merdeka (Libur Khusus))': '09.00–01.00\nJam buka dapat berbeda', 'Selasa': '09.00–01.00', 'Rabu': '09.00–01.00'}",https://www.google.com/maps/place/The+Rabbit+Hole/data=!4m7!3m6!1s0x31cc362a76dd2a5f:0x9fbdf0a5c18fc53f!8m2!3d3.1479982!4d101.7071577!16s%2Fg%2F1pv00z9df!19sChIJXyrddio2zDERP8WPwaXwvZ8?authuser=0&hl=id&rclk=1,Bar  dekat bukit bintang,2025-08-28T17:58:10.677124,extract_from_url,0.9
Helipad Kuala Lumpur,"34 Menara KH, Jln Sultan Ismail, Bukit Bintang, 50450, Wilayah Persekutuan Kuala Lumpur, Malaysia",4.1,4202,RM 100–120 per orang,3.1511919,101.7098985,Bukit Bintang,Jalan Sultan Ismail,Kuala Lumpur,Modern,+60 3-2110 1219,http://www.facebook.com/heliloungebar,Buka ⋅ Tutup pukul 01.00,"{'Kamis': '17.00–01.00', 'Jumat': '17.00–02.00', 'Sabtu': '17.00–02.00', 'Minggu\n(Hari Merdeka)': '17.00–01.00\nJam buka dapat berbeda', 'Senin\n(Hari Merdeka (Libur Khusus))': '17.00–01.00\nJam buka dapat berbeda', 'Selasa': '17.00–01.00', 'Rabu': '17.00–01.00'}",https://www.google.com/maps/place/Helipad+Kuala+Lumpur/data=!4m7!3m6!1s0x31cc362b2b71395d:0xb198401a7000b9a5!8m2!3d3.1511919!4d101.7098985!16s%2Fg%2F12qg50r_q!19sChIJXTlxKys2zDERpbkAcBpAmLE?authuser=0&hl=id&rclk=1,Bar  dekat bukit bintang,2025-08-28T17:58:11.675278,extract_from_url,0.9
TILL DROP BAR & RESTO,Bar · Jl. Prawirotaman No.11,4.7,453,,-7.8190207,110.370028,Yogyakarta,Malioboro,Yogyakarta,Cafe & Restaurant,(0274) 4299940,https://instagram.com/tilldrop_prawirotamanos?igshid=YmMyMTA2M2Y=,Buka ⋅ Tutup pukul 01.00,"{'Kamis': '09.00–01.00', 'Jumat': '09.00–01.00', 'Sabtu': '09.00–01.00', 'Minggu': '09.00–01.00', 'Senin': '09.00–01.00', 'Selasa': '09.00–01.00', 'Rabu': '09.00–01.00'}",https://www.google.com/maps/place/TILL+DROP+BAR+%26+RESTO/data=!4m7!3m6!1s0x2e7a5791acc83227:0xd718282a6e4b447e!8m2!3d-7.8190207!4d110.370028!16s%2Fg%2F11s1vwnx8n!19sChIJJzLIrJFXei4RfkRLbiooGNc?authuser=0&hl=id&rclk=1,Bar  dekat gembira loka zoo,2025-08-28T17:59:20.225502,extract_from_url,0.9
Barley and Barrel,Bar · Jl. Urip Sumoharjo No.37 Ground Floor,4.7,71,,-7.7827472,110.3819417,Yogyakarta,Malioboro,Yogyakarta,Modern,(0274) 566999,,Buka ⋅ Tutup pukul 02.00,"{'Kamis': '11.00–02.00', 'Jumat': '11.00–02.00', 'Sabtu': '11.00–02.00', 'Minggu': '11.00–02.00', 'Senin': '11.00–02.00', 'Selasa': '11.00–02.00', 'Rabu': '11.00–02.00'}",https://www.google.com/maps/place/Barley+and+Barrel/data=!4m7!3m6!1s0x2e7a5903369ef41d:0xf55fc76dc8a2754f!8m2!3d-7.7827472!4d110.3819417!16s%2Fg%2F11j_1_tvrg!19sChIJHfSeNgNZei4RT3WiyG3HX_U?authuser=0&hl=id&rclk=1,Bar  dekat gembira loka zoo,2025-08-28T17:59:20.268514,extract_from_url,0.9
LOCTA,Bar · Jl. Glagahsari No.128,4.8,12,,-7.8102413,110.3871603,Yogyakarta,Malioboro,Yogyakarta,Modern,,,Buka ⋅ Tutup pukul 00.00,"{'Kamis': '09.00–00.00', 'Jumat': '09.00–00.00', 'Sabtu': '09.00–00.00', 'Minggu': '09.00–00.00', 'Senin': '09.00–00.00', 'Selasa': '09.00–00.00', 'Rabu': '09.00–00.00'}",https://www.google.com/maps/place/LOCTA/data=!4m7!3m6!1s0x2e7a573a83e9355d:0x263b980f9ec11f8a!8m2!3d-7.8102413!4d110.3871603!16s%2Fg%2F11h5kh14ds!19sChIJXTXpgzpXei4Rih_Bng-YOyY?authuser=0&hl=id&rclk=1,Bar  dekat gembira loka zoo,2025-08-28T17:59:20.407722,extract_from_url,0.9
"Platinum Kitchen, Bar & Lounge",Bar · Jl. Urip Sumoharjo No.111A,4.6,1288,$$$,-7.7827839,110.3857587,Yogyakarta,Malioboro,Yogyakarta,Modern,,,Tutup ⋅ Buka pukul 20.00,"{'Kamis': '20.00–03.00', 'Jumat': '20.00–03.00', 'Sabtu': '20.00–03.00', 'Minggu': '20.00–03.00', 'Senin': '20.00–03.00', 'Selasa': '20.00–03.00', 'Rabu': '20.00–03.00'}","https://www.google.com/maps/place/Platinum+Kitchen,+Bar+%26+Lounge/data=!4m7!3m6!1s0x2e7a59ce692c4963:0x133ef4cdecefb13d!8m2!3d-7.7827839!4d110.3857587!16s%2Fg%2F11dfpk8kkz!19sChIJY0ksac5Zei4RPbHv7M30PhM?authuser=0&hl=id&rclk=1",Bar  dekat gembira loka zoo,2025-08-28T17:59:20.560688,extract_from_url,0.9
Clueless Boba,Bar · Jl. Gedongkuning No.02,4.9,15,,-7.8147823,110.4021826,Rejowinangun,,Bantul,Modern,0815-6970-146,,Buka ⋅ Tutup pukul 21.00,"{'Kamis': '11.00–21.00', 'Jumat': '11.00–21.00', 'Sabtu': '11.00–21.00', 'Minggu': '11.00–21.00', 'Senin': '11.00–21.00', 'Selasa': '11.00–21.00', 'Rabu': '11.00–21.00'}",https://www.google.com/maps/place/Clueless+Boba/data=!4m7!3m6!1s0x2e7a575180038e97:0xde6680404b763428!8m2!3d-7.8147823!4d110.4021826!16s%2Fg%2F11pwr0j50j!19sChIJl44DgFFXei4RKDR2S0CAZt4?authuser=0&hl=id&rclk=1,Bar  dekat gembira loka zoo,2025-08-28T17:59:20.583486,extract_from_url,0.9
PINDUL ADVENTURE PARK,"3M92+955, Seropan, Bejiharjo, Kec. Karangmojo, Kabupaten Gunungkidul, Daerah Istimewa Yogyakarta 55891",4.4,75,,-7.9316178,110.6504785,Wonosari,Wonosari,Gunung Kidul,Modern,0812-2535-8666,http://cavetubingpindul.com/,Tutup ⋅ Buka Jum pukul 07.00 · 0812-2535-8666,"{'Kamis': '07.00–17.00', 'Jumat': '07.00–17.00', 'Sabtu': '07.00–17.00', 'Minggu': '07.00–17.00', 'Senin': '07.00–17.00', 'Selasa': '07.00–17.00', 'Rabu': '07.00–17.00'}",https://www.google.com/maps/place/PINDUL+ADVENTURE+PARK/data=!4m7!3m6!1s0x2e7a4b3ad4c011a5:0xf05d9d6d0bf544bc!8m2!3d-7.9316178!4d110.6504785!16s%2Fg%2F11cn9l1xp8!19sChIJpRHA1DpLei4RvET1C22dXfA?authuser=0&hl=id&rclk=1,Bar  dekat goa pindul,2025-08-28T18:10:14.873154,extract_from_url,0.9
Wisata Goa Pindul,"RT.01/RW.17Gunungbang, Seropan, Bejiharjo, Kec. Karangmojo, Kabupaten Gunungkidul, Daerah Istimewa Yogyakarta 55891",4.9,96,,-7.9285545,110.6520406,Wonosari,Wonosari,Gunung Kidul,Modern,0877-3895-6786,http://www.goapindul.org/,Tutup ⋅ Buka Jum pukul 07.00 · 0877-3895-6786,"{'Kamis': '07.00–17.00', 'Jumat': '07.00–17.00', 'Sabtu': '07.00–17.00', 'Minggu': '07.00–17.00', 'Senin': '07.00–17.00', 'Selasa': '07.00–17.00', 'Rabu': '07.00–17.00'}",https://www.google.com/maps/place/Wisata+Goa+Pindul/data=!4m7!3m6!1s0x2e7a4b58f6cb3ae3:0xf6ad459492e49043!8m2!3d-7.9285545!4d110.6520406!16s%2Fg%2F11t59fj0x0!19sChIJ4zrL9lhLei4RQ5DkkpRFrfY?authuser=0&hl=id&rclk=1,Bar  dekat goa pindul,2025-08-28T18:10:14.931083,extract_from_url,0.9
Goa Pindul Cave Tubing,Tujuan Wisata ·  · Jl. Ngawis - Munggur,4.7,28,,-7.9290414,110.6538265,Wonosari,Wonosari,Gunung Kidul,Modern,,,Tutup ⋅ Buka Jum pukul 06.00,"{'Kamis': '06.00–17.00', 'Jumat': '06.00–17.00', 'Sabtu': '06.00–17.00', 'Minggu': '06.00–17.00', 'Senin': '06.00–17.00', 'Selasa': '06.00–17.00', 'Rabu': '06.00–17.00'}",https://www.google.com/maps/place/Goa+Pindul+Cave+Tubing/data=!4m7!3m6!1s0x2e7bb54be4803141:0x9675b8b52ef8aea!8m2!3d-7.9290414!4d110.6538265!16s%2Fg%2F11j4qh6829!19sChIJQTGA5Eu1ey4R6orvUotbZwk?authuser=0&hl=id&rclk=1,Bar  dekat goa pindul,2025-08-28T18:10:14.932794,extract_from_url,0.9
GOA PINDUL GUNUNGKIDUL,"Gelaran 2, Bejiharjo, Kec. Karangmojo, Kabupaten Gunungkidul, Daerah Istimewa Yogyakarta 55891",4.6,14,,-7.927053,110.647753,Wonosari,Wonosari,Gunung Kidul,Modern,0882-3247-2318,,Tutup ⋅ Buka Jum pukul 06.00 · 0882-3247-2318,"{'Kamis': '06.30–17.00', 'Jumat': '06.00–17.00', 'Sabtu': '06.00–17.00', 'Minggu': '06.30–17.00', 'Senin': '06.30–17.00', 'Selasa': '06.30–17.00', 'Rabu': '06.30–17.00'}",https://www.google.com/maps/place/GOA+PINDUL+GUNUNGKIDUL/data=!4m7!3m6!1s0x2e7a4b0248677a97:0x9206eb1bf205224b!8m2!3d-7.927053!4d110.647753!16s%2Fg%2F11v3pncrbv!19sChIJl3pnSAJLei4RSyIF8hvrBpI?authuser=0&hl=id&rclk=1,Bar  dekat goa pindul,2025-08-28T18:10:15.052450,extract_from_url,0.9
jeep offroad goa pindul,"gelaran2, Seropan, Bejiharjo, Kec. Karangmojo, Kabupaten Gunungkidul, Daerah Istimewa Yogyakarta 55891",5.0,19,,-7.9275803,110.654494,Wonosari,Wonosari,Gunung Kidul,Modern,,,,{},https://www.google.com/maps/place/jeep+offroad+goa+pindul/data=!4m7!3m6!1s0x2e7a4b40e4bd8281:0xc4f7ffa17ddb5f06!8m2!3d-7.9275803!4d110.654494!16s%2Fg%2F11s0wnvyln!19sChIJgYK95EBLei4RBl_bfaH_98Q?authuser=0&hl=id&rclk=1,Bar  dekat goa pindul,2025-08-28T18:10:15.106829,extract_from_url,0.9
Pemancingan gading flaying gunungbang,"3MC3+3RQ, Seropan, Bejiharjo, Kec. Karangmojo, Kabupaten Gunungkidul, Daerah Istimewa Yogyakarta 55891",5.0,1,,-7.9297955,110.654619,Wonosari,Wonosari,Gunung Kidul,Modern,0878-7539-3604,,,{},https://www.google.com/maps/place/Pemancingan+gading+flaying+gunungbang/data=!4m7!3m6!1s0x2e7a4b2906e07591:0xdbcfa44256eccab2!8m2!3d-7.9297955!4d110.654619!16s%2Fg%2F11jcm6sf97!19sChIJkXXgBilLei4RssrsVkKkz9s?authuser=0&hl=id&rclk=1,Bar  dekat goa pindul,2025-08-28T18:10:15.133351,extract_from_url,0.9
Goa Tanding,"Gelaran 2, Seropan, Bejiharjo, Kec. Karangmojo, Kabupaten Gunungkidul, Daerah Istimewa Yogyakarta 55891",4.6,350,,-7.9326217,110.6494371,Wonosari,Wonosari,Gunung Kidul,Modern,0812-2933-2423,http://www.goatanding.com/,Segera tutup ⋅ 19.00 ⋅ Buka Jum pukul 06.00 · 0812-2933-2423,"{'Kamis': '06.00–19.00', 'Jumat': '06.00–19.00', 'Sabtu': '06.00–19.00', 'Minggu': '06.00–19.00', 'Senin': '06.00–19.00', 'Selasa': '06.00–19.00', 'Rabu': '06.00–19.00'}",https://www.google.com/maps/place/Goa+Tanding/data=!4m7!3m6!1s0x2e7a4b3ba37daa03:0x58e86a083b13d1d!8m2!3d-7.9326217!4d110.6494371!16s%2Fg%2F11c6cfgjwh!19sChIJA6p9oztLei4RHT2xg6CGjgU?authuser=0&hl=id&rclk=1,Bar  dekat goa pindul,2025-08-28T18:10:15.250827,extract_from_url,0.9
Obyek Wisata Gua Pindul,Tujuan Wisata · Jl. Goa Pindul pos-2,4.7,44,,-7.9290576,110.6537855,Wonosari,Wonosari,Gunung Kidul,Modern,0823-2575-8622,http://www.facebook.com/wisatagoapindul.id,Buka 24 jam · 0823-2575-8622,"{'Kamis': 'Buka 24 jam', 'Jumat': 'Buka 24 jam', 'Sabtu': 'Buka 24 jam', 'Minggu': 'Buka 24 jam', 'Senin': 'Buka 24 jam', 'Selasa': 'Buka 24 jam', 'Rabu': 'Buka 24 jam'}",https://www.google.com/maps/place/Obyek+Wisata+Gua+Pindul/data=!4m7!3m6!1s0x2e7a4b233c3d3611:0x27df4e42ef6fb142!8m2!3d-7.9290576!4d110.6537855!16s%2Fg%2F11c716lgvv!19sChIJETY9PCNLei4RQrFv70JO3yc?authuser=0&hl=id&rclk=1,Bar  dekat goa pindul,2025-08-28T18:10:15.326490,extract_from_url,0.9
Tiket Goa Pindul Jogja,"Gelaran, Bejiharjo, Kec. Karangmojo, Kabupaten Gunungkidul, Daerah Istimewa Yogyakarta 55891",5.0,8,,-7.927662,110.6498762,Wonosari,Wonosari,Gunung Kidul,Modern,0813-9077-1931,https://goapindul.co.id/,Tutup ⋅ Buka Jum pukul 07.30 · 0813-9077-1931,{},https://www.google.com/maps/place/Tiket+Goa+Pindul+Jogja/data=!4m7!3m6!1s0x2e7a4b8bc58f68f1:0x4fa7a2e554bb31bc!8m2!3d-7.927662!4d110.6498762!16s%2Fg%2F11hsqly5q_!19sChIJ8WiPxYtLei4RvDG7VOWip08?authuser=0&hl=id&rclk=1,Bar  dekat goa pindul,2025-08-28T18:10:15.452742,extract_from_url,0.9
Koma Hartono Mall,"Bar · Hartono Mall, Jl. Ring Road Utara Lantai LG",4.4,83,Rp 25–50 rb per orang,-7.7596238,110.3984322,Mlati,Sinduadi,Sleman,Modern,0811-251-402,,Buka ⋅ Tutup pukul 22.00,"{'Kamis': '10.00–22.00', 'Jumat': '10.00–22.00', 'Sabtu': '10.00–22.00', 'Minggu': '10.00–22.00', 'Senin': '10.00–22.00', 'Selasa': '10.00–22.00', 'Rabu': '10.00–22.00'}",https://www.google.com/maps/place/Koma+Hartono+Mall/data=!4m7!3m6!1s0x2e7a595055f55041:0x2379e1be27ac5ea1!8m2!3d-7.7596238!4d110.3984322!16s%2Fg%2F11g201y9ht!19sChIJQVD1VVBZei4RoV6sJ77heSM?authuser=0&hl=id&rclk=1,Bar  dekat hartono mall,2025-08-28T18:18:56.107702,extract_from_url,0.9
Tong Tji Tea Bar Point Pakuwon Mall Jogja,"69RX+FJ, Kaliwaru, Condongcatur, Kec. Depok, Kabupaten Sleman, Daerah Istimewa Yogyakarta",4.1,25,Rp 50–75 rb per orang,-7.758844,110.399026,Mlati,Sinduadi,Sleman,Modern,,,Tutup ⋅ Buka Jum pukul 10.10,"{'Kamis': '10.10–12.12', 'Jumat': '10.10–12.12', 'Sabtu': '10.10–12.12', 'Minggu': '10.10–12.12', 'Senin': '10.10–12.12', 'Selasa': '10.10–12.12', 'Rabu': '10.10–12.12'}",https://www.google.com/maps/place/Tong+Tji+Tea+Bar+Point+Pakuwon+Mall+Jogja/data=!4m7!3m6!1s0x2e7a59004a551415:0x88db257b2bd95038!8m2!3d-7.758844!4d110.399026!16s%2Fg%2F11vyzs4grh!19sChIJFRRVSgBZei4ROFDZK3sl24g?authuser=0&hl=id&rclk=1,Bar  dekat hartono mall,2025-08-28T18:18:56.268656,extract_from_url,0.9
"Xing Fu Tang, Hartono Mall Yogyakarta","69QX+WHV, Kaliwaru, Condongcatur, Kec. Depok, Kabupaten Sleman, Daerah Istimewa Yogyakarta 55281",4.4,115,Rp 25–50 rb per orang,-7.760144,110.3989204,Mlati,Sinduadi,Sleman,Modern,0811-9309-001,http://www.xingfutang.co.id/,Buka ⋅ Tutup pukul 21.00,"{'Kamis': '10.00–21.00', 'Jumat': '10.00–21.00', 'Sabtu': '10.00–21.00', 'Minggu': '10.00–21.00', 'Senin': '10.00–21.00', 'Selasa': '10.00–21.00', 'Rabu': '10.00–21.00'}","https://www.google.com/maps/place/Xing+Fu+Tang,+Hartono+Mall+Yogyakarta/data=!4m7!3m6!1s0x2e7a594103df996f:0x4cd704205fa39b2e!8m2!3d-7.760144!4d110.3989204!16s%2Fg%2F11jp7gvtnj!19sChIJb5nfA0FZei4RLpujXyAE10w?authuser=0&hl=id&rclk=1",Bar  dekat hartono mall,2025-08-28T18:18:56.276512,extract_from_url,0.9
Grab Lounge Pakuwon Mall Jogja,"69RX+7GX, Kaliwaru, Condongcatur, Kec. Depok, Kabupaten Sleman, Daerah Istimewa Yogyakarta",5.0,2,,-7.7592647,110.3988544,Mlati,Sinduadi,Sleman,Modern,,,Buka ⋅ Tutup pukul 22.00,"{'Kamis': '10.00–22.00', 'Jumat': '10.00–22.00', 'Sabtu': '10.00–22.00', 'Minggu': '10.00–22.00', 'Senin': '10.00–22.00', 'Selasa': '10.00–22.00', 'Rabu': '10.00–22.00'}",https://www.google.com/maps/place/Grab+Lounge+Pakuwon+Mall+Jogja/data=!4m7!3m6!1s0x2e7a59005a6e7b73:0x86d6553f45f57182!8m2!3d-7.7592647!4d110.3988544!16s%2Fg%2F11w4thw2_f!19sChIJc3tuWgBZei4RgnH1RT9V1oY?authuser=0&hl=id&rclk=1,Bar  dekat hartono mall,2025-08-28T18:18:56.337997,extract_from_url,0.9
The Lounge,"Bar · Daerah Istimewa, Yogyakarta Marriott Hotel, Jl. Ring Road Utara",4.7,7,,-7.7617466,110.3980986,Mlati,Sinduadi,Sleman,Modern,(0274) 6000888,https://www.marriott.com/hotels/hotel-information/restaurant/jogmc-yogyakarta-marriott-hotel/,Buka ⋅ Tutup pukul 00.00,"{'Kamis': '10.00–00.00', 'Jumat': '10.00–00.00', 'Sabtu': '10.00–00.00', 'Minggu': '10.00–00.00', 'Senin': '10.00–00.00', 'Selasa': '10.00–00.00', 'Rabu': '10.00–00.00'}",https://www.google.com/maps/place/The+Lounge/data=!4m7!3m6!1s0x2e7a59ed228ce9b1:0x47e88bde3a235112!8m2!3d-7.7617466!4d110.3980986!16s%2Fg%2F11ghfpgwzc!19sChIJsemMIu1Zei4RElEjOt6L6Ec?authuser=0&hl=id&rclk=1,Bar  dekat hartono mall,2025-08-28T18:18:56.548889,extract_from_url,0.9
padepokan WONG PEKOK,"5F3R+84Q, Ngandong, Patuk, Kec. Patuk, Kabupaten Gunungkidul, Daerah Istimewa Yogyakarta 55862",5.0,1,,-7.8466581,110.4903557,,Ngasemayu,Patuk,Modern,,,,{},https://www.google.com/maps/place/padepokan+WONG+PEKOK/data=!4m7!3m6!1s0x2e7a51005c89e1d1:0xd79ab0350edc6c01!8m2!3d-7.8466581!4d110.4903557!16s%2Fg%2F11xg01dq33!19sChIJ0eGJXABRei4RAWzcDjWwmtc?authuser=0&hl=id&rclk=1,Bar  dekat heha sky view,2025-08-28T18:19:59.642238,extract_from_url,0.9
The Infinity Sky Bar,"Bar · no. 28, Jl. Raya Solo - Yogyakarta",5.0,1481,,-7.7828797,110.4372409,Maguwoharjo,Jalan Jogja - Solo,Sleman,Modern,0811-5995-066,https://www.instagram.com/theinfinityskybar/,Buka ⋅ Tutup pukul 23.00,"{'Kamis': '08.00–23.00', 'Jumat': '08.00–23.00', 'Sabtu': '08.00–23.00', 'Minggu': '08.00–23.00', 'Senin': '08.00–23.00', 'Selasa': '08.00–23.00', 'Rabu': '08.00–23.00'}",https://www.google.com/maps/place/The+Infinity+Sky+Bar/data=!4m7!3m6!1s0x2e7a5a0545700001:0xbcef0b0893317a0e!8m2!3d-7.7828797!4d110.4372409!16s%2Fg%2F11j4sw07ck!19sChIJAQBwRQVaei4RDnoxkwgL77w?authuser=0&hl=id&rclk=1,Bar  dekat heha sky view,2025-08-28T18:19:59.516267,extract_from_url,0.9
Sepreken Kitchen & Bar,"Bar & Grill ·  · Jl. Magelang No.43 5,8",4.5,1016,,-7.7535265,110.3623574,Depok,Caturtunggal,Sleman,Modern,0882-0039-55997,,Buka ⋅ Tutup Jum pukul 05.00,"{'Kamis': '09.00–05.00', 'Jumat': '09.00–05.00', 'Sabtu': '09.00–05.00', 'Minggu': '09.00–05.00', 'Senin': '09.00–05.00', 'Selasa': '09.00–05.00', 'Rabu': '09.00–05.00'}",https://www.google.com/maps/place/Sepreken+Kitchen+%26+Bar/data=!4m7!3m6!1s0x2e7a59c3551c5169:0x666b0e18cdf7bdd1!8m2!3d-7.7535265!4d110.3623574!16s%2Fg%2F11h6wscmwq!19sChIJaVEcVcNZei4R0b33zRgOa2Y?authuser=0&hl=id&rclk=1,Bar  dekat jogja city mall,2025-08-28T18:20:41.896315,extract_from_url,0.9
Boshe VVIP Club Yogyakarta,"Bar ·  · Jl. Magelang - Yogyakarta KM.6,5",4.5,2277,Rp 250.000+ per orang,-7.7532722,110.3627343,Depok,Caturtunggal,Sleman,Modern,(0274) 624041,,Buka ⋅ Tutup pukul 03.00,"{'Kamis': '13.00–03.00', 'Jumat': '13.00–03.00', 'Sabtu': '13.00–03.00', 'Minggu': '13.00–03.00', 'Senin': '13.00–03.00', 'Selasa': '13.00–03.00', 'Rabu': '13.00–03.00'}",https://www.google.com/maps/place/Boshe+VVIP+Club+Yogyakarta/data=!4m7!3m6!1s0x2e7a58f642dca9c5:0x994ce8e463fb45ff!8m2!3d-7.7532722!4d110.3627343!16s%2Fg%2F1ptzshr72!19sChIJxancQvZYei4R_0X7Y-ToTJk?authuser=0&hl=id&rclk=1,Bar  dekat jogja city mall,2025-08-28T18:20:41.900619,extract_from_url,0.9
HW Dragon Bar Jogja,"Lounge · JL. Magelang No. 25, Kutu Tegal, Siduadi, Mlati, Sleman Daerah Istimewa",4.7,318,Rp 250.000+ per orang,-7.7543262,110.3622802,Depok,Caturtunggal,Sleman,Modern,(021) 50886170,http://hwgroup.id/,Tutup ⋅ Buka pukul 20.00,"{'Kamis': '20.00–03.30', 'Jumat': '20.00–03.30', 'Sabtu': '20.00–03.30', 'Minggu': '20.00–03.30', 'Senin': '20.00–03.30', 'Selasa': '20.00–03.30', 'Rabu': '20.00–03.30'}",https://www.google.com/maps/place/HW+Dragon+Bar+Jogja/data=!4m7!3m6!1s0x2e7a5968bfe4a0d5:0x6e07c79795d3dbb9!8m2!3d-7.7543262!4d110.3622802!16s%2Fg%2F11sb2wwn9h!19sChIJ1aDkv2hZei4RudvTlZfHB24?authuser=0&hl=id&rclk=1,Bar  dekat jogja city mall,2025-08-28T18:20:41.904793,extract_from_url,0.9
Liquid Bar And Kitchen,"Bar & Grill · Jl. Magelang - Yogyakarta KM.4,5 No.158",4.5,5197,$$,-7.7675139,110.3613136,Sleman,Sleman,Sleman,Modern,(0274) 589611,http://liquidjogja.com/,Buka ⋅ Tutup Jum pukul 05.00,"{'Kamis': '17.00–05.00', 'Jumat': '17.00–05.00', 'Sabtu': '17.00–05.00', 'Minggu': '17.00–05.00', 'Senin': '17.00–05.00', 'Selasa': '17.00–05.00', 'Rabu': '17.00–05.00'}",https://www.google.com/maps/place/Liquid+Bar+And+Kitchen/data=!4m7!3m6!1s0x2e7a5844819bcd6d:0x117b530ca42e0f03!8m2!3d-7.7675139!4d110.3613136!16s%2Fg%2F11b66gjpwz!19sChIJbc2bgURYei4RAw8upAxTexE?authuser=0&hl=id&rclk=1,Bar  dekat jogja city mall,2025-08-28T18:20:42.190985,extract_from_url,0.9
Teh Jawa Resto Jogja City Mall,Bar · Jogja City Mall L1 Jalan Magelang.6.KM Lanti 1,3.9,58,Rp 50–75 rb per orang,-7.7535832,110.3607204,Depok,Caturtunggal,Sleman,Cafe & Restaurant,,https://www.jogjacitymall.com/502.special-opening-teh-jawa-resto,,{},https://www.google.com/maps/place/Teh+Jawa+Resto+Jogja+City+Mall/data=!4m7!3m6!1s0x2e7a5900235c4633:0xd4914939321b880c!8m2!3d-7.7535832!4d110.3607204!16s%2Fg%2F11x5p2zxw2!19sChIJM0ZcIwBZei4RDIgbMjlJkdQ?authuser=0&hl=id&rclk=1,Bar  dekat jogja city mall,2025-08-28T18:20:42.211836,extract_from_url,0.9
PEGASSUS YOGYAKARTA,Bar · Jl. Magelang No.KM 6,4.7,136,,-7.7515694,110.3625071,Depok,Caturtunggal,Sleman,Modern,0818-121-399,,Buka ⋅ Tutup pukul 03.00,"{'Kamis': '15.00–03.00', 'Jumat': '15.00–03.00', 'Sabtu': '15.00–03.00', 'Minggu': '15.00–03.00', 'Senin': '15.00–03.00', 'Selasa': '15.00–03.00', 'Rabu': '15.00–03.00'}",https://www.google.com/maps/place/PEGASSUS+YOGYAKARTA/data=!4m7!3m6!1s0x2e7a590021edfc31:0xdd682576d21b608a!8m2!3d-7.7515694!4d110.3625071!16s%2Fg%2F11w4rh055_!19sChIJMfztIQBZei4RimAb0nYlaN0?authuser=0&hl=id&rclk=1,Bar  dekat jogja city mall,2025-08-28T18:20:42.221913,extract_from_url,0.9
Meniran Kaliurang,Bar · Jl. Pelajar Gg. Gareng No.9,5.0,1,,-7.6013104,110.4265422,,Kaliurang Barat,Hargobinangun,Modern,,,,{},https://www.google.com/maps/place/Meniran+Kaliurang/data=!4m7!3m6!1s0x2e7a6753af420f9f:0xb79754742d9beaa4!8m2!3d-7.6013104!4d110.4265422!16s%2Fg%2F11rg9qkbsq!19sChIJnw9Cr1Nnei4RpOqbLXRUl7c?authuser=0&hl=id&rclk=1,Bar  dekat kaliurang,2025-08-28T18:21:38.964253,extract_from_url,0.9
Dialogue Club & Lounge,"Klub ·  · Griya Persada Convention Hotel & Resort Kaliurang, Jl. Boyong No.99",5.0,83,,-7.6067545,110.421687,,Ngipiksari,Hargobinangun,Modern,0822-2700-0579,http://www.griyapersadahotel.com/,Buka ⋅ Tutup pukul 00.00,"{'Kamis': '10.00–00.00', 'Jumat': '10.00–00.00', 'Sabtu': '10.00–00.00', 'Minggu': '10.00–00.00', 'Senin': '10.00–00.00', 'Selasa': '10.00–00.00', 'Rabu': '10.00–00.00'}",https://www.google.com/maps/place/Dialogue+Club+%26+Lounge/data=!4m7!3m6!1s0x2e7a615a11612089:0xc5ecc7c5700f00c6!8m2!3d-7.6067545!4d110.421687!16s%2Fg%2F11krpvs974!19sChIJiSBhEVphei4RxgAPcMXH7MU?authuser=0&hl=id&rclk=1,Bar  dekat kaliurang,2025-08-28T18:21:38.942965,extract_from_url,0.9
Martabak Istimewa Pak Wariyo,"Bar ·  · Jl. Kaliurang No.7,8",4.3,49,,-7.7393127,110.3923802,Depok,Condongcatur,Sleman,Modern,,,Buka ⋅ Tutup pukul 03.30,"{'Kamis': '17.00–03.30', 'Jumat': '17.00–03.30', 'Sabtu': '17.00–03.30', 'Minggu': '17.00–03.30', 'Senin': '17.00–03.30', 'Selasa': '17.00–03.30', 'Rabu': '17.00–03.30'}",https://www.google.com/maps/place/Martabak+Istimewa+Pak+Wariyo/data=!4m7!3m6!1s0x2e7a58fece0471e9:0xea3a00e03505c784!8m2!3d-7.7393127!4d110.3923802!16s%2Fg%2F11f2wbtyg6!19sChIJ6XEEzv5Yei4RhMcFNeAAOuo?authuser=0&hl=id&rclk=1,Bar  dekat kaliurang,2025-08-28T18:21:41.119652,extract_from_url,0.9
Mayangkara Coffee Shop,"Bar ·  · Jalan Boyong.99, di dalam Hotel Griya Persada",5.0,27,Rp 50–75 rb per orang,-7.6068851,110.4214097,,Ngipiksari,Hargobinangun,Coffee Shop,0822-1920-8899,https://www.instagram.com/mayangkara.coffee,Buka ⋅ Tutup pukul 22.00,"{'Kamis': '10.00–22.00', 'Jumat': '10.00–22.00', 'Sabtu': '10.00–23.00', 'Minggu': '10.00–22.00', 'Senin': '10.00–22.00', 'Selasa': '10.00–22.00', 'Rabu': '10.00–22.00'}",https://www.google.com/maps/place/Mayangkara+Coffee+Shop/data=!4m7!3m6!1s0x2e7a618e7b347287:0xfef59f3e7eac86c3!8m2!3d-7.6068851!4d110.4214097!16s%2Fg%2F11qvg2n0sx!19sChIJh3I0e45hei4Rw4asfj6f9f4?authuser=0&hl=id&rclk=1,Bar  dekat kaliurang,2025-08-28T18:21:39.283023,extract_from_url,0.9
Bayubajra Family Karaoke,"Karaoke Video · Hotel Griya Persada, Jl. Boyong No.99",5.0,29,,-7.6069044,110.4210286,,Ngipiksari,Hargobinangun,Modern,0852-9099-8949,https://griyapersadahotel.com/kaliurang/activities/bayubajra-karaoke/,,{},https://www.google.com/maps/place/Bayubajra+Family+Karaoke/data=!4m7!3m6!1s0x2e7a6154289f725f:0xb6fb4c2d7f17e7f7!8m2!3d-7.6069044!4d110.4210286!16s%2Fg%2F11kqczh0l_!19sChIJX3KfKFRhei4R9-cXfy1M-7Y?authuser=0&hl=id&rclk=1,Bar  dekat kaliurang,2025-08-28T18:21:40.061104,extract_from_url,0.9
Spark Resto Sports Bar - #1 Sports Bar in Jogja,Grill ·  · Jl. Prawirotaman No.1,4.4,289,$$,-7.8189273,110.3682862,Yogyakarta,Malioboro,Yogyakarta,Cafe & Restaurant,"
(0274) 2872397",,,{},https://www.google.com/maps/place/Spark+Resto+Sports+Bar+-+%231+Sports+Bar+in+Jogja/data=!4m7!3m6!1s0x2e7a57a2e6da82bb:0x6baa5357d652fbbf!8m2!3d-7.8189273!4d110.3682862!16s%2Fg%2F11bzv0zkk6!19sChIJu4La5qJXei4Rv_tS1ldTqms?authuser=0&hl=en&rclk=1,Bar  dekat keraton yogyakarta,2025-08-28T18:36:38.168936,extract_from_url,0.9
Asmara Art & Coffee Shop,Live music bar ·  · Tirtodipuran St No.22,4.6,805,$$,-7.8184945,110.3643875,Yogyakarta,Malioboro,Yogyakarta,Coffee Shop,"
(0274) 4221017",https://www.facebook.com/pg/asmaracoffee,5.00 pm–12.00 am,"{'Thursday': '5.00\u202fpm–12.00\u202fam', 'Friday': '5.00\u202fpm–12.00\u202fam', 'Saturday': '5.00\u202fpm–12.00\u202fam', 'Sunday': 'Closed', 'Monday': '5.00\u202fpm–12.00\u202fam', 'Tuesday': '5.00\u202fpm–12.00\u202fam', 'Wednesday': '5.00\u202fpm–12.00\u202fam'}",https://www.google.com/maps/place/Asmara+Art+%26+Coffee+Shop/data=!4m7!3m6!1s0x2e7a57bd0fce44e3:0x132b2fa5e52ab456!8m2!3d-7.8184945!4d110.3643875!16s%2Fg%2F1tg7j7hs!19sChIJ40TOD71Xei4RVrQq5aUvKxM?authuser=0&hl=en&rclk=1,Bar  dekat keraton yogyakarta,2025-08-28T18:36:38.540716,extract_from_url,0.9
Stylo Cafe & Resto (Jogja),Pub ·  · Jl. Suryodiningratan No.33,4.9,298,Rp 25–50K per person,-7.8180003,110.3596428,Suryodiningratan,Jalan Suryodiningratan,Kota Yogyakarta,Cafe & Restaurant,"
0851-1750-5505",http://www.stylocoffee.com/,11.30 am–11.00 pm,"{'Thursday': '11.30\u202fam–11.00\u202fpm', 'Friday': '11.30\u202fam–11.00\u202fpm', 'Saturday': '11.30\u202fam–11.00\u202fpm', 'Sunday': '11.30\u202fam–11.00\u202fpm', 'Monday': '11.30\u202fam–11.00\u202fpm', 'Tuesday': '11.30\u202fam–11.00\u202fpm', 'Wednesday': '11.30\u202fam–11.00\u202fpm'}",https://www.google.com/maps/place/Stylo+Cafe+%26+Resto+%28Jogja%29/data=!4m7!3m6!1s0x2e7a57b2f38c18ab:0x6a745ac5088f35ef!8m2!3d-7.8180003!4d110.3596428!16s%2Fg%2F11y8hlwmn7!19sChIJqxiM87JXei4R7zWPCMVadGo?authuser=0&hl=en&rclk=1,Bar  dekat keraton yogyakarta,2025-08-28T18:36:38.169918,extract_from_url,0.9
Kedai kopi NATADAMAR,Cafe ·  · Jl. Hutan Pinus Nganjir No.5,4.7,947,Rp 25–50K per person,-7.9288385,110.4292604,Mangunan,,Bantul,Modern,"
0812-3201-3252",,10.00 am–10.00 pm,"{'Thursday': '10.00\u202fam–10.00\u202fpm', 'Friday': '10.00\u202fam–10.00\u202fpm', 'Saturday': '10.00\u202fam–10.00\u202fpm', 'Sunday': '10.00\u202fam–10.00\u202fpm', 'Monday': '10.00\u202fam–10.00\u202fpm', 'Tuesday': '10.00\u202fam–10.00\u202fpm', 'Wednesday': '10.00\u202fam–10.00\u202fpm'}",https://www.google.com/maps/place/Kedai+kopi+NATADAMAR/data=!4m7!3m6!1s0x2e7a53345ec3c669:0x9495c35f37916929!8m2!3d-7.9288385!4d110.4292604!16s%2Fg%2F11j8rkjjrf!19sChIJacbDXjRTei4RKWmRN1_DlZQ?authuser=0&hl=en&rclk=1,Bar  dekat mangunan,2025-08-28T18:37:22.511840,extract_from_url,0.9
Bumi Langit Institute dan Warung Bumi,"Restaurant ·  · Giriloyo, Jl. Imogiri, Jl. Mangunan Desa No.Km. 3",4.6,980,Rp 25–50K per person,-7.9263136,110.4102765,Bantul,Bantul,Bantul,Traditional,"
0823-2565-7646",http://www.bumilangit.org/,11.00 am–5.30 pm,"{'Thursday': '11.00\u202fam–5.30\u202fpm', 'Friday': '11.00\u202fam–5.30\u202fpm', 'Saturday': '11.00\u202fam–5.30\u202fpm', 'Sunday': '11.00\u202fam–5.30\u202fpm', 'Monday': '11.00\u202fam–5.30\u202fpm', 'Tuesday': '11.00\u202fam–5.30\u202fpm', 'Wednesday': '11.00\u202fam–5.30\u202fpm'}",https://www.google.com/maps/place/Bumi+Langit+Institute+dan+Warung+Bumi/data=!4m7!3m6!1s0x2e7a548e5b39266d:0xd3f764cfe06aa3b!8m2!3d-7.9263136!4d110.4102765!16s%2Fg%2F11c3k2th0l!19sChIJbSY5W45Uei4RO6oG_kx2Pw0?authuser=0&hl=en&rclk=1,Bar  dekat mangunan,2025-08-28T18:37:24.131134,extract_from_url,0.9
Restaurant MBOK SUM,"Cempluk, Mangunan, Dlingo, Bantul Regency, Special Region of Yogyakarta 55783",4.5,694,Rp 25–50K per person,-7.9308552,110.4244068,Mangunan,Jalan Imogiri - Dlingo,Bantul,Cafe & Restaurant,"
0877-3821-6402",,7.00 am–6.00 pm,"{'Thursday': '7.00\u202fam–6.00\u202fpm', 'Friday': '7.00\u202fam–6.00\u202fpm', 'Saturday': '7.00\u202fam–8.00\u202fpm', 'Sunday': '7.00\u202fam–8.00\u202fpm', 'Monday': '7.00\u202fam–6.00\u202fpm', 'Tuesday': '7.00\u202fam–6.00\u202fpm', 'Wednesday': '7.00\u202fam–6.00\u202fpm'}",https://www.google.com/maps/place/Restaurant+MBOK+SUM/data=!4m7!3m6!1s0x2e7a549dc0465e0f:0xac8d8bcde844ac8d!8m2!3d-7.9308552!4d110.4244068!16s%2Fg%2F11c7t4196f!19sChIJD15GwJ1Uei4RjaxE6M2Ljaw?authuser=0&hl=en&rclk=1,Bar  dekat mangunan,2025-08-28T18:37:22.528986,extract_from_url,0.9
RM Mangunan Baru,"Javanese restaurant · 3C9H+7R6, Jl. Mangunan",4.4,70,,-7.9318416,110.4295033,Mangunan,,Bantul,Cafe & Restaurant,"
0812-1504-8390",,8.00 am–11.00 pm,"{'Thursday': '8.00\u202fam–11.00\u202fpm', 'Friday': '8.00\u202fam–11.00\u202fpm', 'Saturday': '8.00\u202fam–11.00\u202fpm', 'Sunday': '8.00\u202fam–11.00\u202fpm', 'Monday': '8.00\u202fam–11.00\u202fpm', 'Tuesday': '8.00\u202fam–11.00\u202fpm', 'Wednesday': '8.00\u202fam–11.00\u202fpm'}",https://www.google.com/maps/place/RM+Mangunan+Baru/data=!4m7!3m6!1s0x2e7a53617e5a8b79:0xb795ae91a8c72125!8m2!3d-7.9318416!4d110.4295033!16s%2Fg%2F11c6tt__lq!19sChIJeYtafmFTei4RJSHHqJGulbc?authuser=0&hl=en&rclk=1,Bar  dekat mangunan,2025-08-28T18:37:22.521722,extract_from_url,0.9
Thiwul Ayu Mbok Sum,"Restaurant · Jalan Mangunan KM.4.5, RT.15, Mangunan, Dlingo",4.5,1853,Rp 1–25.000 per person,-7.9309543,110.4247298,Mangunan,Jalan Imogiri - Dlingo,Bantul,Cafe & Restaurant,"
0819-3170-9303",,5.00 am–7.00 pm,"{'Thursday': '5.00\u202fam–7.00\u202fpm', 'Friday': '5.00\u202fam–7.00\u202fpm', 'Saturday': '5.00\u202fam–7.00\u202fpm', 'Sunday': '5.00\u202fam–7.00\u202fpm', 'Monday': '5.00\u202fam–7.00\u202fpm', 'Tuesday': '5.00\u202fam–7.00\u202fpm', 'Wednesday': '5.00\u202fam–7.00\u202fpm'}",https://www.google.com/maps/place/Thiwul+Ayu+Mbok+Sum/data=!4m7!3m6!1s0x2e7a549dc1f3a6eb:0x13c6b2949f4b2812!8m2!3d-7.9309543!4d110.4247298!16s%2Fg%2F1pzwfj525!19sChIJ66bzwZ1Uei4REihLn5SyxhM?authuser=0&hl=en&rclk=1,Bar  dekat mangunan,2025-08-28T18:37:24.376978,extract_from_url,0.9
Mangunan Pines Forests,Tourist attraction ·  · Jl raya Jl. Hutan Pinus Nganjir,4.6,26450,,-7.9261073,110.4304652,Mangunan,,Bantul,Modern,,,6.00 am–6.00 pm,"{'Thursday': '6.00\u202fam–6.00\u202fpm', 'Friday': '6.00\u202fam–6.00\u202fpm', 'Saturday': '6.00\u202fam–6.00\u202fpm', 'Sunday': '6.00\u202fam–6.00\u202fpm', 'Monday': '6.00\u202fam–6.00\u202fpm', 'Tuesday': '6.00\u202fam–6.00\u202fpm', 'Wednesday': '6.00\u202fam–6.00\u202fpm'}",https://www.google.com/maps/place/Mangunan+Pines+Forests/data=!4m7!3m6!1s0x2e7a536355abb129:0x9fb567811ef62e4e!8m2!3d-7.9261073!4d110.4304652!16s%2Fg%2F11g9w4r_1f!19sChIJKbGrVWNTei4RTi72HoFntZ8?authuser=0&hl=en&rclk=1,Bar  dekat mangunan,2025-08-28T18:37:25.688221,extract_from_url,0.9
Hutan Pinus Asri,"National reserve ·  · 3CHP+J6P, Jl. Hutan Pinus Nganjir",4.5,5049,,-7.9209209,110.4355651,Mangunan,Jalan Hutan Pinus Nganjir,Bantul,Modern,,,6.00 am–5.00 pm,"{'Thursday': '6.00\u202fam–5.00\u202fpm', 'Friday': '6.00\u202fam–5.00\u202fpm', 'Saturday': '6.00\u202fam–5.00\u202fpm', 'Sunday': '6.00\u202fam–5.00\u202fpm', 'Monday': '6.00\u202fam–5.00\u202fpm', 'Tuesday': '6.00\u202fam–5.00\u202fpm', 'Wednesday': '6.00\u202fam–5.00\u202fpm'}",https://www.google.com/maps/place/Hutan+Pinus+Asri/data=!4m7!3m6!1s0x2e7a537984052d55:0xbc70c46c282502bc!8m2!3d-7.9209209!4d110.4355651!16s%2Fg%2F11cjj0fcl8!19sChIJVS0FhHlTei4RvAIlKGzEcLw?authuser=0&hl=en&rclk=1,Bar  dekat mangunan,2025-08-28T18:37:25.766657,extract_from_url,0.9
Kebun Buah Mangunan,Tourist attraction ·  · Jl. Imogiri - Dlingo,4.7,4735,,-7.9413718,110.4247345,Mangunan,Jalan Keluar Kebun,Bantul,Modern,"
0819-0411-5762",,5.00 am–5.30 pm,"{'Thursday': '5.00\u202fam–5.30\u202fpm', 'Friday': '5.00\u202fam–5.30\u202fpm', 'Saturday': '5.00\u202fam–5.30\u202fpm', 'Sunday': '5.00\u202fam–5.30\u202fpm', 'Monday': '5.00\u202fam–5.30\u202fpm', 'Tuesday': '5.00\u202fam–5.30\u202fpm', 'Wednesday': '5.00\u202fam–5.30\u202fpm'}",https://www.google.com/maps/place/Kebun+Buah+Mangunan/data=!4m7!3m6!1s0x2e7a5366aaaaaaab:0x11765ecd87201338!8m2!3d-7.9413718!4d110.4247345!16s%2Fg%2F11dyxbkz1w!19sChIJq6qqqmZTei4ROBMgh81edhE?authuser=0&hl=en&rclk=1,Bar  dekat mangunan,2025-08-28T18:37:26.952028,extract_from_url,0.9
Mangunan Fruits Park,"3C6F+2PW, Unnamed Road, Mangunan, Kec. Dlingo, Kabupaten Bantul, Daerah Istimewa Yogyakarta 55783",4.6,2267,,-7.939896,110.424336,Mangunan,Jalan Keluar Kebun,Bantul,Modern,,,5.00 am–6.00 pm,"{'Thursday': '5.00\u202fam–6.00\u202fpm', 'Friday': '5.00\u202fam–6.00\u202fpm', 'Saturday': '5.00\u202fam–6.00\u202fpm', 'Sunday': '5.00\u202fam–6.00\u202fpm', 'Monday': '5.00\u202fam–6.00\u202fpm', 'Tuesday': '5.00\u202fam–6.00\u202fpm', 'Wednesday': '5.00\u202fam–6.00\u202fpm'}",https://www.google.com/maps/place/Mangunan+Fruits+Park/data=!4m7!3m6!1s0x2e7a54a0f600545d:0x70c4749189b8930e!8m2!3d-7.939896!4d110.424336!16s%2Fg%2F11f3j69vmc!19sChIJXVQA9qBUei4RDpO4iZF0xHA?authuser=0&hl=en&rclk=1,Bar  dekat mangunan,2025-08-28T18:37:27.671994,extract_from_url,0.9
Muse Sky Bar,"Bar · Grand Altuz Rooftop, Jl. Seturan Raya No.10A",4.7,25,,-7.7716495,110.4096045,Sleman,Sleman,Sleman,Modern,"
0817-7516-0798",http://grand-altuz.id/muse-sky-bar-and-lounge,4.00–11.30 pm,"{'Thursday': '4.00–11.30\u202fpm', 'Friday': '4.00–11.30\u202fpm', 'Saturday': '4.00–11.30\u202fpm', 'Sunday': '4.00–11.30\u202fpm', 'Monday': '4.00–11.30\u202fpm', 'Tuesday': '4.00–11.30\u202fpm', 'Wednesday': '4.00–11.30\u202fpm'}",https://www.google.com/maps/place/Muse+Sky+Bar/data=!4m7!3m6!1s0x2e7a597943e941ad:0x99ec6a5793b32405!8m2!3d-7.7716495!4d110.4096045!16s%2Fg%2F11y6c840ql!19sChIJrUHpQ3lZei4RBSSzk1dq7Jk?authuser=0&hl=en&rclk=1,Bar  dekat merapi museum,2025-08-28T18:38:39.949215,extract_from_url,0.9
Cendhani Fresh Milk Bar & Kitchen,"Restaurant · Merapi Golf Jogja, km No.0",4.7,87,Rp 25–50K per person,-7.6511461,110.4337398,Kiyaran Wukirsari,Jalan Cangkringan,Wukirsari,Cafe & Restaurant,"
0812-2799-6509",,9.00 am–8.00 pm,"{'Thursday': '9.00\u202fam–8.00\u202fpm', 'Friday': '9.00\u202fam–8.00\u202fpm', 'Saturday': '9.00\u202fam–8.00\u202fpm', 'Sunday': '9.00\u202fam–8.00\u202fpm', 'Monday': 'Closed', 'Tuesday': '9.00\u202fam–8.00\u202fpm', 'Wednesday': '9.00\u202fam–8.00\u202fpm'}",https://www.google.com/maps/place/Cendhani+Fresh+Milk+Bar+%26+Kitchen/data=!4m7!3m6!1s0x2e7a679bfd2a86c1:0x481436f4f858d67e!8m2!3d-7.6511461!4d110.4337398!16s%2Fg%2F11vmb85w09!19sChIJwYYq_Ztnei4RftZY-PQ2FEg?authuser=0&hl=en&rclk=1,Bar  dekat merapi museum,2025-08-28T18:38:39.006581,extract_from_url,0.9
Eboni Bar And Lounge,"Bar · Hotel Tentrem Area, No. 72 A, Jl. A.M. Sangaji",4.8,133,,-7.7736669,110.3688991,Sleman,Sleman,Sleman,Modern,"
(0274) 6415555",http://www.hoteltentrem.com/tentrem/index.php/dining/eboni-bar-lounge/,9.00 am–12.00 am,"{'Thursday': '9.00\u202fam–12.00\u202fam', 'Friday': '9.00\u202fam–1.00\u202fam', 'Saturday': '9.00\u202fam–1.00\u202fam', 'Sunday': '9.00\u202fam–12.00\u202fam', 'Monday': '9.00\u202fam–12.00\u202fam', 'Tuesday': '9.00\u202fam–12.00\u202fam', 'Wednesday': '9.00\u202fam–12.00\u202fam'}",https://www.google.com/maps/place/Eboni+Bar+And+Lounge/data=!4m7!3m6!1s0x2e7a58484660bac5:0x21e068fc8279428b!8m2!3d-7.7736669!4d110.3688991!16s%2Fg%2F11bbylm722!19sChIJxbpgRkhYei4Ri0J5gvxo4CE?authuser=0&hl=en&rclk=1,Bar  dekat monjali,2025-08-28T18:39:17.633535,extract_from_url,0.9
CHIMAC 치맥 KOREAN BAR & CAFE,Bar ·  · Jl. Lempongsari No.117A,4.6,658,$$,-7.7510757,110.3725459,Depok,Caturtunggal,Sleman,Modern,"
0823-2840-4080",https://linktr.ee/ChimacJogja,5.00 pm–12.00 am,"{'Thursday': '5.00\u202fpm–12.00\u202fam', 'Friday': '5.00\u202fpm–12.30\u202fam', 'Saturday': '5.00\u202fpm–12.30\u202fam', 'Sunday': '5.00\u202fpm–12.00\u202fam', 'Monday': '5.00\u202fpm–12.00\u202fam', 'Tuesday': '5.00\u202fpm–12.00\u202fam', 'Wednesday': '5.00\u202fpm–12.00\u202fam'}",https://www.google.com/maps/place/CHIMAC+%EC%B9%98%EB%A7%A5+KOREAN+BAR+%26+CAFE/data=!4m7!3m6!1s0x2e7a58fecc8d14c5:0x3e78c512335af4bf!8m2!3d-7.7510757!4d110.3725459!16s%2Fg%2F11f_j2q6s2!19sChIJxRSNzP5Yei4Rv_RaMxLFeD4?authuser=0&hl=en&rclk=1,Bar  dekat monjali,2025-08-28T18:39:17.783129,extract_from_url,0.9
D'FUN karaoke,"Pantai, Parangtritis, Kretek, Bantul Regency, Special Region of Yogyakarta 55772",4.8,4,,-8.0198503,110.3218291,Parangtritis,,Bantul,Modern,"
0857-2731-9761",,Open 24 hours,"{'Thursday': 'Open 24 hours', 'Friday': 'Open 24 hours', 'Saturday': 'Open 24 hours', 'Sunday': 'Open 24 hours', 'Monday': 'Open 24 hours', 'Tuesday': 'Open 24 hours', 'Wednesday': 'Open 24 hours'}",https://www.google.com/maps/place/D%27FUN+karaoke/data=!4m7!3m6!1s0x2e7b01af8ce2da25:0x9ccfecbdf37e972c!8m2!3d-8.0198503!4d110.3218291!16s%2Fg%2F11nfvhvzt8!19sChIJJdrijK8Bey4RLJd-873sz5w?authuser=0&hl=en&rclk=1,Bar  dekat parangtritis beach,2025-08-28T18:39:52.278671,extract_from_url,0.9
profit karaoke,"X8JC+5PX, Pantai, Parangtritis, Kretek, Bantul Regency, Special Region of Yogyakarta 55772",5.0,1,,-8.019441,110.321869,Parangtritis,,Bantul,Modern,,,Open 24 hours,"{'Thursday': 'Open 24 hours', 'Friday': 'Open 24 hours', 'Saturday': 'Open 24 hours', 'Sunday': 'Open 24 hours', 'Monday': 'Open 24 hours', 'Tuesday': 'Open 24 hours', 'Wednesday': 'Open 24 hours'}",https://www.google.com/maps/place/profit+karaoke/data=!4m7!3m6!1s0x2e7b010066b54cbd:0xb72c6057d44638de!8m2!3d-8.019441!4d110.321869!16s%2Fg%2F11xgjs4rf7!19sChIJvUy1ZgABey4R3jhG1FdgLLc?authuser=0&hl=en&rclk=1,Bar  dekat parangtritis beach,2025-08-28T18:39:52.689667,extract_from_url,0.9
rege cafe and karaoke,"Karaoke bar · Jl. Pantai parangkusumo, pantai, parangtritis, kec. Kretek Daerah Istimewa Yogyakarta Kabupaten Bantul VU",5.0,1,,-8.0192605,110.3219638,Parangtritis,,Bantul,Modern,"
0856-5983-2330",,Open 24 hours,"{'Thursday': 'Open 24 hours', 'Friday': 'Open 24 hours', 'Saturday': 'Open 24 hours', 'Sunday': 'Open 24 hours', 'Monday': 'Open 24 hours', 'Tuesday': 'Open 24 hours', 'Wednesday': 'Open 24 hours'}",https://www.google.com/maps/place/rege+cafe+and+karaoke/data=!4m7!3m6!1s0x2e7b010a6283725b:0xb7e01324bfccc267!8m2!3d-8.0192605!4d110.3219638!16s%2Fg%2F11y8fyk8y6!19sChIJW3KDYgoBey4RZ8LMvyQT4Lc?authuser=0&hl=en&rclk=1,Bar  dekat parangtritis beach,2025-08-28T18:39:52.999705,extract_from_url,0.9
Bukit Soka Puncak parangtritis,"X8FW+79Q, Area Hutan, Giricahyo, Kec. Purwosari, Kabupaten Gunungkidul, Daerah Istimewa Yogyakarta 55872",4.7,178,Rp 1–25.000 per person,-8.026798,110.3459991,Girijati,Jalan Lintas Selatan,Gunungkidul,Modern,"
0889-5078-592",,Open 24 hours,"{'Thursday': 'Open 24 hours', 'Friday': 'Open 24 hours', 'Saturday': 'Open 24 hours', 'Sunday': 'Open 24 hours', 'Monday': 'Open 24 hours', 'Tuesday': 'Open 24 hours', 'Wednesday': 'Open 24 hours'}",https://www.google.com/maps/place/Bukit+Soka+Puncak+parangtritis/data=!4m7!3m6!1s0x2e7bab4fe5077cfd:0x6bc1c2d846e606aa!8m2!3d-8.026798!4d110.3459991!16s%2Fg%2F11g_wytnxh!19sChIJ_XwH5U-rey4RqgbmRtjCwWs?authuser=0&hl=en&rclk=1,Bar  dekat parangtritis beach,2025-08-28T18:39:54.377675,extract_from_url,0.9
SK musik & karaoke,"X8HC+WP8, Pantai, Parangtritis, Kretek, Bantul Regency, Special Region of Yogyakarta 55772",4.5,8,,-8.0200023,110.3219015,Parangtritis,,Bantul,Modern,,,Open 24 hours,"{'Thursday': 'Open 24 hours', 'Friday': 'Open 24 hours', 'Saturday': 'Open 24 hours', 'Sunday': 'Open 24 hours', 'Monday': 'Open 24 hours', 'Tuesday': 'Open 24 hours', 'Wednesday': 'Open 24 hours'}",https://www.google.com/maps/place/SK+musik+%26+karaoke/data=!4m7!3m6!1s0x2e7b01056c303d51:0xd1791f61267a29cf!8m2!3d-8.0200023!4d110.3219015!16s%2Fg%2F11y1np41_z!19sChIJUT0wbAUBey4Rzyl6JmEfedE?authuser=0&hl=en&rclk=1,Bar  dekat parangtritis beach,2025-08-28T18:39:55.156882,extract_from_url,0.9
dsd,"X8GH+8RC, Pantai, Parangtritis, Kretek, Bantul Regency, Special Region of Yogyakarta",0.0,0,,-8.0241771,110.3295006,Parangtritis,,Bantul,Modern,,,,{},https://www.google.com/maps/place/dsd/data=!4m7!3m6!1s0x2e7b0100309328d1:0x38ab49df33f2ab9f!8m2!3d-8.0241771!4d110.3295006!16s%2Fg%2F11xkhgt4vf!19sChIJ0SiTMAABey4Rn6vyM99Jqzg?authuser=0&hl=en&rclk=1,Bar  dekat parangtritis beach,2025-08-28T18:39:56.267324,extract_from_url,0.9
Resto Pawon Mbok Surip,"Sendangsari, Terong, Dlingo, Bantul Regency, Special Region of Yogyakarta",4.7,37,Rp 25–50K per person,-7.8695945,110.4611631,Wonosari,Wonosari,Gunung Kidul,Cafe & Restaurant,"
0821-4412-2865",https://bit.ly/3fFa6CR,9.00 am–8.00 pm,"{'Thursday': '9.00\u202fam–8.00\u202fpm', 'Friday': '9.00\u202fam–8.00\u202fpm', 'Saturday': '9.00\u202fam–8.00\u202fpm', 'Sunday': '9.00\u202fam–8.00\u202fpm', 'Monday': '9.00\u202fam–8.00\u202fpm', 'Tuesday': '9.00\u202fam–8.00\u202fpm', 'Wednesday': '9.00\u202fam–8.00\u202fpm'}",https://www.google.com/maps/place/Resto+Pawon+Mbok+Surip/data=!4m7!3m6!1s0x2e7a51658f9e3dcd:0x3550a449486411b9!8m2!3d-7.8695945!4d110.4611631!16s%2Fg%2F11lg0r4bdy!19sChIJzT2ej2VRei4RuRFkSEmkUDU?authuser=0&hl=en&rclk=1,Bar  dekat pinus pengger,2025-08-28T18:41:18.870097,extract_from_url,0.9
Puncak pinus Pengger,"4FH5+WX2, Pantirejo, Terong, Kec. Dlingo, Kabupaten Bantul, Daerah Istimewa Yogyakarta 55783",4.6,17,,-7.8702495,110.4598879,Wonosari,Wonosari,Gunung Kidul,Modern,"
0815-7416-2852",,9.00 am–6.30 pm,"{'Thursday': '9.00\u202fam–6.30\u202fpm', 'Friday': '9.00\u202fam–6.30\u202fpm', 'Saturday': '9.00\u202fam–6.30\u202fpm', 'Sunday': '9.00\u202fam–6.30\u202fpm', 'Monday': '9.00\u202fam–6.30\u202fpm', 'Tuesday': '9.00\u202fam–6.30\u202fpm', 'Wednesday': '9.00\u202fam–6.30\u202fpm'}",https://www.google.com/maps/place/Puncak+pinus+Pengger/data=!4m7!3m6!1s0x2e7a51e36d801c8f:0x930eaefb57d716c7!8m2!3d-7.8702495!4d110.4598879!16s%2Fg%2F11hz76bjqf!19sChIJjxyAbeNRei4RxxbXV_uuDpM?authuser=0&hl=en&rclk=1,Bar  dekat pinus pengger,2025-08-28T18:41:18.898458,extract_from_url,0.9
White House 23,Bar · Jl. Gowongan Lor No.49,4.6,495,Rp 25–50 rb per orang,-7.7853038,110.3640363,Jetis,Bumijo,Yogyakarta,Modern,0823-2956-0679,,Buka 24 jam,"{'Kamis': 'Buka 24 jam', 'Jumat': 'Buka 24 jam', 'Sabtu': 'Buka 24 jam', 'Minggu': 'Buka 24 jam', 'Senin': 'Buka 24 jam', 'Selasa': 'Buka 24 jam', 'Rabu': 'Buka 24 jam'}",https://www.google.com/maps/place/White+House+23/data=!4m7!3m6!1s0x2e7a5958dc824d1f:0x8145a1de03fd113a!8m2!3d-7.7853038!4d110.3640363!16s%2Fg%2F11vyxp70bn!19sChIJH02C3FhZei4ROhH9A96hRYE?authuser=0&hl=id&rclk=1,Bar  dekat tugu jogja,2025-08-28T18:56:50.689124,extract_from_url,0.9
Vino bar,Bar · Jl. Jend. Sudirman No.5,4.4,54,,-7.7825803,110.3684378,Jetis,Bumijo,Yogyakarta,Modern,,,Buka ⋅ Tutup pukul 01.00,"{'Kamis': '10.00–01.00', 'Jumat': '10.00–01.00', 'Sabtu': '10.00–01.00', 'Minggu': '10.00–01.00', 'Senin': '10.00–01.00', 'Selasa': '10.00–01.00', 'Rabu': '10.00–01.00'}",https://www.google.com/maps/place/Vino+bar/data=!4m7!3m6!1s0x2e7a5830f3cd4095:0xed261c580e5e5343!8m2!3d-7.7825803!4d110.3684378!16s%2Fg%2F11g9dhvqm1!19sChIJlUDN8zBYei4RQ1NeDlgcJu0?authuser=0&hl=id&rclk=1,Bar  dekat tugu jogja,2025-08-28T18:56:50.696677,extract_from_url,0.9
Sakapatat Social House & Resto,Bar & Grill · Jl. Pakuningratan No.34,4.5,3202,$$,-7.780671,110.3642629,Jetis,Bumijo,Yogyakarta,Cafe & Restaurant,0822-3119-7986,https://linktr.ee/sakapatat,Buka ⋅ Tutup pukul 01.00,"{'Kamis': '17.00–01.00', 'Jumat': '17.00–01.00', 'Sabtu': '17.00–01.00', 'Minggu': '17.00–01.00', 'Senin': '17.00–01.00', 'Selasa': '17.00–01.00', 'Rabu': '17.00–01.00'}",https://www.google.com/maps/place/Sakapatat+Social+House+%26+Resto/data=!4m7!3m6!1s0x2e7a583a274dc3cf:0xc6f5aa04af7b68f5!8m2!3d-7.780671!4d110.3642629!16s%2Fg%2F11bx5pt2vm!19sChIJz8NNJzpYei4R9Wh7rwSq9cY?authuser=0&hl=id&rclk=1,Bar  dekat tugu jogja,2025-08-28T18:56:50.731119,extract_from_url,0.9
Chadis Rooftop Bar,Bar · Jl. Jend. Sudirman No.69,4.6,103,Rp 150–175 rb per orang,-7.7827432,110.3744013,Yogyakarta,Malioboro,Yogyakarta,Modern,(0274) 2921888,,Buka ⋅ Tutup pukul 23.00,"{'Kamis': '10.00–23.00', 'Jumat': '10.00–23.00', 'Sabtu': '10.00–23.00', 'Minggu': '10.00–23.00', 'Senin': '10.00–23.00', 'Selasa': '10.00–23.00', 'Rabu': '10.00–23.00'}",https://www.google.com/maps/place/Chadis+Rooftop+Bar/data=!4m7!3m6!1s0x2e7a58324aaa76cd:0xd6031312e5fffe61!8m2!3d-7.7827432!4d110.3744013!16s%2Fg%2F11cs01hldf!19sChIJzXaqSjJYei4RYf7_5RITA9Y?authuser=0&hl=id&rclk=1,Bar  dekat tugu jogja,2025-08-28T18:56:51.003854,extract_from_url,0.9
Kote (kopi dan teh),"Bar · 69GM+X36, Jl. Lembah UGM Jl. Kuningan",5.0,1,,-7.7725791,110.3826259,Sleman,Sleman,Sleman,Modern,,,,{},https://www.google.com/maps/place/Kote+%28kopi+dan+teh%29/data=!4m7!3m6!1s0x2e7a59001e61f61f:0x93cfdcc81ce48308!8m2!3d-7.7725791!4d110.3826259!16s%2Fg%2F11x7g400b1!19sChIJH_ZhHgBZei4RCIPkHMjcz5M?authuser=0&hl=id&rclk=1,Bar  dekat ugm,2025-08-28T19:00:40.765258,extract_from_url,0.9
Gadjah Mada University Club (UC) Hotel UGM,"Hotel & Convention, Bulaksumur Jl. Pancasila No.2, Sendowo, Sinduadi, Kec. Depok, Kabupaten Sleman, Daerah Istimewa Yogyakarta 55281",4.5,2996,,-7.7733788,110.3773268,Sleman,Sleman,Sleman,Modern,(0274) 563461,http://www.ugmclub.com/,,{},https://www.google.com/maps/place/Gadjah+Mada+University+Club+%28UC%29+Hotel+UGM/data=!4m10!3m9!1s0x2e7a58357116351b:0x39354ff2b558bec4!5m2!4m1!1i2!8m2!3d-7.7733788!4d110.3773268!16s%2Fg%2F1tg134pv!19sChIJGzUWcTVYei4RxL5YtfJPNTk?authuser=0&hl=id&rclk=1,Bar  dekat ugm,2025-08-28T19:00:40.969162,extract_from_url,0.9
Ndalem Kaliwanglu Lounge & Cafe,Lounge · Jl. Harjobinangun,4.7,3,,-7.6802932,110.4061966,Harjobinangun,Kaliwanglu Kulon,Sleman,Modern,0812-1686-8387,,Buka ⋅ Tutup pukul 23.00,{},https://www.google.com/maps/place/Ndalem+Kaliwanglu+Lounge+%26+Cafe/data=!4m7!3m6!1s0x2e7a5f5fad5e1e6d:0xa4b685258cb1edb1!8m2!3d-7.6802932!4d110.4061966!16s%2Fg%2F11jknx3dvh!19sChIJbR5erV9fei4Rse2xjCWFtqQ?authuser=0&hl=id&rclk=1,Bar  dekat uii,2025-08-28T19:01:36.325321,extract_from_url,0.9
MIE DOYOK UII JAKAL,"Bar · 8C79+4F4, Jl. Kaliurang",4.4,192,Rp 1–25.000 per orang,-7.6872254,110.4187075,Pakem Binangun,Jalan Kaliurang,Pakembinangun,Modern,,,Buka ⋅ Tutup pukul 23.30,"{'Kamis': '10.00–23.30', 'Jumat': '10.00–23.30', 'Sabtu': '10.00–23.30', 'Minggu': '10.00–23.30', 'Senin': '10.00–23.30', 'Selasa': '10.00–23.30', 'Rabu': '10.00–23.30'}",https://www.google.com/maps/place/MIE+DOYOK+UII+JAKAL/data=!4m7!3m6!1s0x2e7a5f0038ea0e4b:0x3de686153a45c0df!8m2!3d-7.6872254!4d110.4187075!16s%2Fg%2F11y6hgg1xh!19sChIJSw7qOABfei4R38BFOhWG5j0?authuser=0&hl=id&rclk=1,Bar  dekat uii,2025-08-28T19:01:36.413860,extract_from_url,0.9
"Eiden Paralia Resto, Bar, Lounge And Club",Bar · Jl. Sempu,4.9,43,Rp 25–50 rb per orang,-7.6606375,110.41184,Harjobinangun,Trojayan,Sleman,Cafe & Restaurant,0816-992-168,https://www.instagram.com/eidenparalia.jogja,Buka ⋅ Tutup pukul 21.00,"{'Kamis': '11.00–21.00', 'Jumat': '11.00–21.00', 'Sabtu': '11.00–23.00', 'Minggu': '11.00–23.00', 'Senin': '11.00–21.00', 'Selasa': '11.00–21.00', 'Rabu': '11.00–21.00'}","https://www.google.com/maps/place/Eiden+Paralia+Resto,+Bar,+Lounge+And+Club/data=!4m7!3m6!1s0x2e7a5f000becd987:0x63d0a9eed86e9668!8m2!3d-7.6606375!4d110.41184!16s%2Fg%2F11vwk9dzjx!19sChIJh9nsCwBfei4RaJZu2O6p0GM?authuser=0&hl=id&rclk=1",Bar  dekat uii,2025-08-28T19:01:36.802440,extract_from_url,0.9
Segere ID Ngaglik,"Bar · 7CX8+PCQ, candisari, Jl. Besi Jangkang",5.0,1,,-7.7006717,110.4161097,Sukoharjo,Jalan Besi Jangkang,Sleman,Modern,0858-7801-2807,,Buka ⋅ Tutup pukul 21.00,"{'Kamis': '10.00–21.00', 'Jumat': '10.00–21.00', 'Sabtu': '10.00–21.00', 'Minggu': '10.00–21.00', 'Senin': '10.00–21.00', 'Selasa': '10.00–21.00', 'Rabu': '10.00–21.00'}",https://www.google.com/maps/place/Segere+ID+Ngaglik/data=!4m7!3m6!1s0x2e7a5f58d572bdbb:0x316d750289685dcc!8m2!3d-7.7006717!4d110.4161097!16s%2Fg%2F11qsmfdkmm!19sChIJu71y1Vhfei4RzF1oiQJ1bTE?authuser=0&hl=id&rclk=1,Bar  dekat uii,2025-08-28T19:01:37.535112,extract_from_url,0.9
The Q Jogja,"Lounge · Vads Jl. Laksda Adisucipto No.KM.6, RW.No.163",4.7,180,Rp 25–50 rb per orang,-7.782824,110.3943132,Catur Tunggal,Papringan,Sleman,Modern,0819-9229-0999,,,{},https://www.google.com/maps/place/The+Q+Jogja/data=!4m7!3m6!1s0x2e7a571bed5e9f43:0xef3e9bf773e9ede5!8m2!3d-7.782824!4d110.3943132!16s%2Fg%2F11twh37wjq!19sChIJQ59e7RtXei4R5e3pc_ebPu8?authuser=0&hl=id&rclk=1,Bar best dekat ambarukmo plaza,2025-08-28T19:31:34.981750,extract_from_url,0.9
What The Deck,Bar · Jl. Colombo No.7,4.7,52,,-7.776464,110.3820885,Sleman,Sleman,Sleman,Modern,0877-8750-7999,https://www.instagram.com/whatthedeck.yk/?hl=id,Buka ⋅ Tutup pukul 23.00,"{'Kamis': '16.00–23.00', 'Jumat': '16.00–23.00', 'Sabtu': '16.00–23.00', 'Minggu': '16.00–23.00', 'Senin': '16.00–23.00', 'Selasa': '16.00–23.00', 'Rabu': '16.00–23.00'}",https://www.google.com/maps/place/What+The+Deck/data=!4m7!3m6!1s0x2e7a59540ca67897:0x654301f34242e17e!8m2!3d-7.776464!4d110.3820885!16s%2Fg%2F11p06nwmvy!19sChIJl3imDFRZei4RfuFCQvMBQ2U?authuser=0&hl=id&rclk=1,Bar best dekat ambarukmo plaza,2025-08-28T19:31:38.018359,extract_from_url,0.9
Royal Ambarrukmo Yogyakarta,"Jl. Laksda Adisucipto No.81, Ambarukmo, Caturtunggal, Kec. Depok, Kabupaten Sleman, Daerah Istimewa Yogyakarta 55281",4.8,18780,,-7.7823772,110.403051,Catur Tunggal,Ambarukmo,Sleman,Modern,(0274) 488488,http://www.royalambarrukmo.com/,,{},https://www.google.com/maps/place/Royal+Ambarrukmo+Yogyakarta/data=!4m10!3m9!1s0x2e7a59e82583c5f9:0x8decbfc296a4eef2!5m2!4m1!1i2!8m2!3d-7.7823772!4d110.403051!16s%2Fg%2F12cnt2dhc!19sChIJ-cWDJehZei4R8u6klsK_7I0?authuser=0&hl=id&rclk=1,Bar best dekat ambarukmo plaza,2025-08-28T19:31:35.679229,extract_from_url,0.9
Pacific Bar KL,"52-54, Changkat Bukit Bintang, Bukit Bintang, 50200 Kuala Lumpur, Wilayah Persekutuan Kuala Lumpur, Malaysia",4.5,466,,3.1473427,101.708418,Bukit Bintang,Changkat Bukit Bintang,Kuala Lumpur,Modern,+60 17-577 6639,,Buka ⋅ Tutup pukul 03.00,{},https://www.google.com/maps/place/Pacific+Bar+KL/data=!4m7!3m6!1s0x31cc377532a3919f:0x8c7055355a7aa205!8m2!3d3.1473427!4d101.708418!16s%2Fg%2F11hdqjxwt3!19sChIJn5GjMnU3zDERBaJ6WjVVcIw?authuser=0&hl=id&rclk=1,Bar best dekat bukit bintang,2025-08-28T19:32:31.772386,extract_from_url,0.9
The Barn Pavilion KL,"Lot C4 . 04 . 00, 168, Bukit Bintang Rd, Bukit Bintang, 55100 Kuala Lumpur, Federal Territory of Kuala Lumpur, Malaysia",4.6,1246,,3.1493578,101.7123063,Bukit Bintang,Pavilion Connection,Kuala Lumpur,Modern,+60 3-2110 3223,http://www.thebarn.com.my/,Buka ⋅ Tutup pukul 00.00,"{'Kamis': '11.00–00.00', 'Jumat': '11.00–00.00', 'Sabtu': '11.00–00.00', 'Minggu\n(Hari Merdeka)': '11.00–00.00\nJam buka dapat berbeda', 'Senin\n(Hari Merdeka (Libur Khusus))': '11.00–00.00\nJam buka dapat berbeda', 'Selasa': '11.00–00.00', 'Rabu': '11.00–00.00'}",https://www.google.com/maps/place/The+Barn+Pavilion+KL/data=!4m7!3m6!1s0x31cc362b63426e0b:0x900d3bf2add96153!8m2!3d3.1493578!4d101.7123063!16s%2Fg%2F11c49_pp4_!19sChIJC25CYys2zDERU2HZrfI7DZA?authuser=0&hl=id&rclk=1,Bar best dekat bukit bintang,2025-08-28T19:32:31.774669,extract_from_url,0.9
Taps Beer Bar,"Bar ·  · 1, Jalan Nagasari",4.4,1152,$$,3.1495003,101.7090645,Bukit Bintang,Jalan Nagasari,Kuala Lumpur,Modern,+60 11-2194 6176,http://www.tapsbeerbar.my/,Buka ⋅ Tutup pukul 00.00,"{'Kamis': '12.00–00.00', 'Jumat': '12.00–00.00', 'Sabtu': '12.00–00.00', 'Minggu\n(Hari Merdeka)': '12.00–00.00\nJam buka dapat berbeda', 'Senin\n(Hari Merdeka (Libur Khusus))': '12.00–00.00\nJam buka dapat berbeda', 'Selasa': '12.00–00.00', 'Rabu': '12.00–00.00'}",https://www.google.com/maps/place/Taps+Beer+Bar/data=!4m7!3m6!1s0x31cc362af6625437:0xa301d44c3c9b27d0!8m2!3d3.1495003!4d101.7090645!16s%2Fg%2F1tfthq7n!19sChIJN1Ri9io2zDER0CebPEzUAaM?authuser=0&hl=id&rclk=1,Bar best dekat bukit bintang,2025-08-28T19:32:37.870151,extract_from_url,0.9
Sutraa Kitchen + Bar,"34, Changkat Bukit Bintang, Bukit Bintang, 50200 Kuala Lumpur, Wilayah Persekutuan Kuala Lumpur, Malaysia",4.2,777,$$,3.1477331,101.7078487,Bukit Bintang,Changkat Bukit Bintang,Kuala Lumpur,Modern,+60 11-2135 9796,https://www.theolivetreegroup.com/,Buka ⋅ Tutup Jum pukul 05.00,"{'Kamis': '15.00–05.00', 'Jumat': '15.00–05.00', 'Sabtu': '15.00–05.00', 'Minggu\n(Hari Merdeka)': '15.00–05.00\nJam buka dapat berbeda', 'Senin\n(Hari Merdeka (Libur Khusus))': '15.00–05.00\nJam buka dapat berbeda', 'Selasa': '15.00–05.00', 'Rabu': '15.00–05.00'}",https://www.google.com/maps/place/Sutraa+Kitchen+%2B+Bar/data=!4m7!3m6!1s0x31cc362a6c9183ff:0x2061bdb87e6b1b52!8m2!3d3.1477331!4d101.7078487!16s%2Fg%2F1txflnfz!19sChIJ_4ORbCo2zDERUhtrfri9YSA?authuser=0&hl=id&rclk=1,Bar best dekat bukit bintang,2025-08-28T19:32:37.297661,extract_from_url,0.9
Terrace Jogja,Klub Malam ·  · Jl. Seturan Raya No.4,4.5,487,Rp 250.000+ per orang,-7.7711229,110.4094202,Sleman,Sleman,Sleman,Modern,0812-1356-1569,,Segera buka ⋅ Buka pukul 20.00,"{'Kamis': '20.00–03.00', 'Jumat': '20.00–03.00', 'Sabtu': '20.00–03.00', 'Minggu': '20.00–03.00', 'Senin': '20.00–03.00', 'Selasa': '20.00–03.00', 'Rabu': '20.00–03.00'}",https://www.google.com/maps/place/Terrace+Jogja/data=!4m7!3m6!1s0x2e7a59f1ee26d48b:0x447f28e73b75c59e!8m2!3d-7.7711229!4d110.4094202!16s%2Fg%2F1pzrjf4b7!19sChIJi9Qm7vFZei4RnsV1O-cof0Q?authuser=0&hl=id&rclk=1,Bar best dekat gembira loka zoo,2025-08-28T19:41:15.280630,extract_from_url,0.9
Gembira Loka Zoo Yogyakarta,Kebun Binatang ·  · Jl. Kebun Raya No.2,4.5,47692,,-7.8041337,110.3979883,Rejowinangun,Jalan Kebun Raya,Kota Yogyakarta,Modern,0812-2266-2290,http://www.gembiralokazoo.com/,Tutup ⋅ Buka Jum pukul 08.00,{},https://www.google.com/maps/place/Gembira+Loka+Zoo+Yogyakarta/data=!4m7!3m6!1s0x2e7a57196b21a901:0x77e3f6112577fb0f!8m2!3d-7.8041337!4d110.3979883!16s%2Fm%2F0130d2nz!19sChIJAakhaxlXei4RD_t3JRH243c?authuser=0&hl=id&rclk=1,Bar best dekat gembira loka zoo,2025-08-28T19:41:15.258726,extract_from_url,0.9
TIP TAP TOE,"Restoran ·  · Jl. Palagan Tentara Pelajar Kelurahan No.KM, RW.9",4.7,3494,$$$,-7.7263325,110.3809845,Depok,Condongcatur,Sleman,Cafe & Restaurant,0813-2940-3145,https://tiptaptoe.id/,Buka ⋅ Tutup pukul 02.00,"{'Kamis': '07.00–02.00', 'Jumat': '07.00–02.00', 'Sabtu': '07.00–02.00', 'Minggu': '07.00–02.00', 'Senin': '11.00–00.00', 'Selasa': '11.00–00.00', 'Rabu': '11.00–01.00'}",https://www.google.com/maps/place/TIP+TAP+TOE/data=!4m7!3m6!1s0x2e7a59c5d714de41:0x94fade6986fcfa63!8m2!3d-7.7263325!4d110.3809845!16s%2Fg%2F11t4ysvttb!19sChIJQd4U18VZei4RY_r8hmne-pQ?authuser=0&hl=id&rclk=1,Bar best dekat gembira loka zoo,2025-08-28T19:41:16.826237,extract_from_url,0.9
Foodcourt Gembira Loka Zoo,Makanan Siap Saji · Jl. Kebun Raya No.1F,4.0,82,$$,-7.8026415,110.3985498,Rejowinangun,Jalan Kebun Raya,Kota Yogyakarta,Modern,(0274) 373861,http://www.gembiralokazoo.com/,Tutup ⋅ Buka Jum pukul 07.00,"{'Kamis': '07.00–18.00', 'Jumat': '07.00–18.00', 'Sabtu': '07.00–18.00', 'Minggu': '07.00–18.00', 'Senin': '07.00–18.00', 'Selasa': '07.00–18.00', 'Rabu': '07.00–18.00'}",https://www.google.com/maps/place/Foodcourt+Gembira+Loka+Zoo/data=!4m7!3m6!1s0x2e7a576668068b75:0x61f03650439c4b3a!8m2!3d-7.8026415!4d110.3985498!16s%2Fg%2F11c0r2v51g!19sChIJdYsGaGZXei4ROkucQ1A28GE?authuser=0&hl=id&rclk=1,Bar best dekat gembira loka zoo,2025-08-28T19:41:15.367733,extract_from_url,0.9
KEBON BINATANG,,4.4,29,,-7.8039932,110.3981235,Rejowinangun,Jalan Kebun Raya,Kota Yogyakarta,Modern,,,,{},https://www.google.com/maps/place/KEBON+BINATANG/data=!4m7!3m6!1s0x2e7a57001e4d0cdb:0x90c47bdaf9aefbc7!8m2!3d-7.8039932!4d110.3981235!16s%2Fm%2F0k707j_!19sChIJ2wxNHgBXei4Rx_uu-dp7xJA?authuser=0&hl=id&rclk=1,Bar best dekat gembira loka zoo,2025-08-28T19:41:15.498990,extract_from_url,0.9
GARGER STUDIO,"Gn. Sari, Bejiharjo, Kec. Karangmojo, Kabupaten Gunungkidul, Daerah Istimewa Yogyakarta 55891",5.0,14,,-7.9433941,110.6351759,Wonosari,Wonosari,Gunung Kidul,Modern,0818-0786-0013,,Buka ⋅ Tutup pukul 00.00 · 0818-0786-0013,"{'Kamis': 'Buka 24 jam', 'Jumat': 'Tutup', 'Sabtu': 'Buka 24 jam', 'Minggu': 'Buka 24 jam', 'Senin': 'Buka 24 jam', 'Selasa': 'Buka 24 jam', 'Rabu': 'Buka 24 jam'}",https://www.google.com/maps/place/GARGER+STUDIO/data=!4m7!3m6!1s0x2e7a4b45f53f7229:0xa3ee0a56401291cb!8m2!3d-7.9433941!4d110.6351759!16s%2Fg%2F11jp500tz3!19sChIJKXI_9UVLei4Ry5ESQFYK7qM?authuser=0&hl=id&rclk=1,Bar best dekat goa pindul,2025-08-28T19:47:35.407587,extract_from_url,0.9
Goa Pindul,"Tujuan Wisata ·  · Jalan Goa Pindul Gelaran 2, RT.3/RW.16",4.5,7818,,-7.9307459,110.6496694,Wonosari,Wonosari,Gunung Kidul,Modern,0812-5050-542,https://www.goapindul.net/,Tutup ⋅ Buka Jum pukul 07.00 · 0812-5050-542,"{'Kamis': '07.00–16.00', 'Jumat': '07.00–16.00', 'Sabtu': '07.00–16.00', 'Minggu': '07.00–16.00', 'Senin': '07.00–16.00', 'Selasa': '07.00–16.00', 'Rabu': '07.00–16.00'}",https://www.google.com/maps/place/Goa+Pindul/data=!4m7!3m6!1s0x2e7bb3458abe4f09:0xd54ced46ae184848!8m2!3d-7.9307459!4d110.6496694!16s%2Fm%2F010gqn3w!19sChIJCU--ikWzey4RSEgYrkbtTNU?authuser=0&hl=id&rclk=1,Bar best dekat goa pindul,2025-08-28T19:47:35.566417,extract_from_url,0.9
Top40 Karaoke Keluarga,Bar Karaoke ·  · Jl. Sukoharjo No.1A,4.3,3761,Rp 25–50 rb per orang,-7.7492832,110.3987719,Depok,Condongcatur,Sleman,Modern,0877-7051-4547,https://goo.gl/5zlY2O,Buka ⋅ Tutup pukul 01.00 · 0877-7051-4547,"{'Kamis': '10.00–01.00', 'Jumat': '10.00–01.00', 'Sabtu': '10.00–01.30', 'Minggu': '10.00–01.00', 'Senin': '10.00–01.00', 'Selasa': '10.00–01.00', 'Rabu': '10.00–01.00'}",https://www.google.com/maps/place/Top40+Karaoke+Keluarga/data=!4m7!3m6!1s0x2e7a590b9810b18b:0x458ec3e751884e64!8m2!3d-7.7492832!4d110.3987719!16s%2Fg%2F1pzq7vhph!19sChIJi7EQmAtZei4RZE6IUefDjkU?authuser=0&hl=id&rclk=1,Bar best dekat goa pindul,2025-08-28T19:47:35.708659,extract_from_url,0.9
Karaoke Edy,"3J39+9V7, Grogol IV, Bejiharjo, Kec. Karangmojo, Kabupaten Gunungkidul, Daerah Istimewa Yogyakarta 55891",4.1,156,$$,-7.9465975,110.6196622,Wonosari,Wonosari,Gunung Kidul,Modern,,,Buka ⋅ Tutup pukul 03.00,"{'Kamis': '12.00–03.00', 'Jumat': '12.00–03.00', 'Sabtu': '12.00–03.00', 'Minggu': '12.00–03.00', 'Senin': '12.00–03.00', 'Selasa': '12.00–03.00', 'Rabu': '12.00–03.00'}",https://www.google.com/maps/place/Karaoke+Edy/data=!4m7!3m6!1s0x2e7a4b551f7bd7db:0xf02c14f904db5711!8m2!3d-7.9465975!4d110.6196622!16s%2Fg%2F11gb3wgn7_!19sChIJ29d7H1VLei4REVfbBPkULPA?authuser=0&hl=id&rclk=1,Bar best dekat goa pindul,2025-08-28T19:47:35.716213,extract_from_url,0.9
GOA PINDUL WIRAWISATA,Tujuan Wisata ·  · Jl. Goa Pindul,4.9,15,,-7.9311348,110.6479471,Wonosari,Wonosari,Gunung Kidul,Modern,0822-2604-1137,https://www.goapindulwirawisata.com/,Tutup ⋅ Buka Jum pukul 07.00 · 0822-2604-1137,"{'Kamis': '07.00–17.00', 'Jumat': '07.00–17.00', 'Sabtu': '07.00–17.00', 'Minggu': '07.00–17.00', 'Senin': '07.00–17.00', 'Selasa': '07.00–17.00', 'Rabu': '07.00–17.00'}",https://www.google.com/maps/place/GOA+PINDUL+WIRAWISATA/data=!4m7!3m6!1s0x2e7a4b3b0e59f653:0x92fa287ace1033e5!8m2!3d-7.9311348!4d110.6479471!16s%2Fg%2F11vk0d140j!19sChIJU_ZZDjtLei4R5TMQznoo-pI?authuser=0&hl=id&rclk=1,Bar best dekat goa pindul,2025-08-28T19:48:14.304552,extract_from_url,0.9
Estehdesa. Sinduharjo. KaliurangTimur,Bar · Jl. Kaliurang Timur No.15,5.0,2,,-7.730102,110.406456,Sleman,Sleman,Sleman,Modern,0812-1107-9244,,Buka ⋅ Tutup pukul 22.00,"{'Kamis': '10.00–22.00', 'Jumat': '10.00–19.00', 'Sabtu': '10.00–19.00', 'Minggu': '10.00–19.00', 'Senin': '10.00–19.00', 'Selasa': '10.00–19.00', 'Rabu': '10.00–21.49'}",https://www.google.com/maps/place/Estehdesa.+Sinduharjo.+KaliurangTimur/data=!4m7!3m6!1s0x2e7a59004ccbb477:0x300ce67991429aaf!8m2!3d-7.730102!4d110.406456!16s%2Fg%2F11y4082crl!19sChIJd7TLTABZei4Rr5pCkXnmDDA?authuser=0&hl=id&rclk=1,Bar best dekat kaliurang,2025-08-28T19:56:52.794288,extract_from_url,0.9
Lavana Restoran,"Kaliurang, Hargobinangun, Kec. Pakem, Kabupaten Sleman, Daerah Istimewa Yogyakarta 55582",4.6,2726,Rp 25–50 rb per orang,-7.6003166,110.4270328,,Kaliurang Barat,Hargobinangun,Cafe & Restaurant,0877-2442-8492,https://instagram.com/lavanajogja?igshid=YWJhMjlhZTc=,Buka 24 jam,"{'Kamis': 'Buka 24 jam', 'Jumat': 'Buka 24 jam', 'Sabtu': 'Buka 24 jam', 'Minggu': 'Buka 24 jam', 'Senin': 'Buka 24 jam', 'Selasa': 'Buka 24 jam', 'Rabu': 'Buka 24 jam'}",https://www.google.com/maps/place/Lavana+Restoran/data=!4m7!3m6!1s0x2e7a678cf4c16485:0xa0f4170c5e7c8070!8m2!3d-7.6003166!4d110.4270328!16s%2Fg%2F11sy41j4_x!19sChIJhWTB9Ixnei4RcIB8XgwX9KA?authuser=0&hl=id&rclk=1,Bar best dekat kaliurang,2025-08-28T19:56:50.839276,extract_from_url,0.9
Cafe D'coba,"Kedai Kopi · CC2H+89X, Jl. Astomulyo",4.6,64,Rp 1–50.000 per orang,-7.5991445,110.4284703,,Kaliurang Timur,Hargobinangun,Modern,0822-7259-838,,Buka ⋅ Tutup pukul 00.00,"{'Kamis': '09.00–00.00', 'Jumat': '09.00–00.00', 'Sabtu': '09.00–00.00', 'Minggu': '09.00–00.00', 'Senin': '09.00–00.00', 'Selasa': '09.00–00.00', 'Rabu': '09.00–00.00'}",https://www.google.com/maps/place/Cafe+D%27coba/data=!4m7!3m6!1s0x2e7a675f8fd896f3:0x4d23041259ef7ce5!8m2!3d-7.5991445!4d110.4284703!16s%2Fg%2F11rwsqhb8g!19sChIJ85bYj19nei4R5XzvWRIEI00?authuser=0&hl=id&rclk=1,Bar best dekat kaliurang,2025-08-28T19:56:52.008640,extract_from_url,0.9
ANDORRA,"Bar ·  · PYRENEES Yogyakarta, Jl. Sosrowijayan No.1 lantai 1",4.8,136,Rp 25–50 rb per orang,-7.791829,110.365605,Jetis,Bumijo,Yogyakarta,Modern,0895-1022-5509,https://www.instagram.com/andorra.malioboro/,Buka ⋅ Tutup pukul 22.00,"{'Kamis': '06.00–22.00', 'Jumat': '06.00–22.00', 'Sabtu': '06.00–22.00', 'Minggu': '06.00–22.00', 'Senin': '06.00–22.00', 'Selasa': '06.00–22.00', 'Rabu': '06.00–22.00'}",https://www.google.com/maps/place/ANDORRA/data=!4m7!3m6!1s0x2e7a582616b26f67:0xdeff38077a7a739d!8m2!3d-7.791829!4d110.365605!16s%2Fg%2F11bbx0d1f2!19sChIJZ2-yFiZYei4RnXN6egc4_94?authuser=0&hl=id&rclk=1,Bar best dekat keraton yogyakarta,2025-08-28T20:05:09.064087,extract_from_url,0.9
Seribu Batu Songgo Langit,Tujuan Wisata ·  · Jl. Hutan Pinus Nganjir,4.6,6821,,-7.9308668,110.4308565,Mangunan,Songgo Langit,Bantul,Modern,0877-3951-3004,https://www.instagram.com/seribubatu_songgolangit?igsh=MW9qa3VmbzdxaWQ0dw==,Tutup ⋅ Buka Jum pukul 06.00,"{'Kamis': '06.00–19.00', 'Jumat': '06.00–19.00', 'Sabtu': '06.00–19.00', 'Minggu': '06.00–19.00', 'Senin': '06.00–19.00', 'Selasa': '06.00–19.00', 'Rabu': '06.00–19.00'}",https://www.google.com/maps/place/Seribu+Batu+Songgo+Langit/data=!4m7!3m6!1s0x2e7a531be5da247f:0x51f131c4dc279d01!8m2!3d-7.9308668!4d110.4308565!16s%2Fg%2F11gy4zj9hw!19sChIJfyTa5RtTei4RAZ0n3MQx8VE?authuser=0&hl=id&rclk=1,Bar best dekat mangunan,2025-08-28T20:05:40.432863,extract_from_url,0.9
Watu Mabur Mangunan,"Lemahbang RT28, Lembah Bang, Mangunan, Kec. Dlingo, Kabupaten Bantul, Daerah Istimewa Yogyakarta 55783",4.5,978,,-7.947121,110.441,Mangunan,,Bantul,Modern,,http://tebingwatumabur.blogspot.co.id/,Buka 24 jam,"{'Kamis': 'Buka 24 jam', 'Jumat': 'Buka 24 jam', 'Sabtu': 'Buka 24 jam', 'Minggu': 'Buka 24 jam', 'Senin': 'Buka 24 jam', 'Selasa': 'Buka 24 jam', 'Rabu': 'Buka 24 jam'}",https://www.google.com/maps/place/Watu+Mabur+Mangunan/data=!4m7!3m6!1s0x2e7a534f9fff4055:0xd40f9bf76dc1be53!8m2!3d-7.947121!4d110.441!16s%2Fg%2F11dyb8l60t!19sChIJVUD_n09Tei4RU77BbfebD9Q?authuser=0&hl=id&rclk=1,Bar best dekat mangunan,2025-08-28T20:05:42.318133,extract_from_url,0.9
