name,address,rating,reviews_count,price_range,lat,lon,district,village,regency,type,phone,website,opening_hours,search_query,scraped_at,coordinate_source,precision_score
Paddys Cafe & Eatery,Restoran · Jl. Pramuka No.10,0.0,0,Rp 25–50 rb,-7.8784946,110.3366311,Bantul,,Bantul,Cafe & Restaurant,,,Buka ⋅ Tutup pukul 23.00,cafe  bantul,2025-08-28T14:00:48.801485,extract_from_url,0.9
KOHI COFFEE HOUSE AND SPACE,Kedai Kopi ·  · Jl. May Jen. Sutoyo,0.0,0,Rp 25–50 rb,-7.885447,110.3321655,Bantul,,Bantul,Coffee Shop,,,Buka ⋅ Tutup pukul 23.00,cafe  bantul,2025-08-28T14:00:48.824085,extract_from_url,0.9
Kopi Bantul Coffee & Roastery,Kedai Kopi · Jl. Bantul No.km 10,0.0,0,Rp 1–25.000,-7.8763075,110.3349051,Bantul,,Bantul,Roastery,,,Buka ⋅ Tutup pukul 00.00,cafe  bantul,2025-08-28T14:00:48.848254,extract_from_url,0.9
Haia Space,Kafe ·  · Jl. Jend. Sudirman No.38,0.0,0,Rp 25–50 rb,-7.8828436,110.3322238,Bantul,,Bantul,Modern,,,Buka ⋅ Tutup pukul 23.00,cafe  bantul,2025-08-28T14:00:48.950858,extract_from_url,0.9
Poma Coffee and Resto,Kafe · Jl. Marsda Adisucipto No.47,0.0,0,Rp 1–25.000,-7.8955886,110.3368268,Bantul,,Bantul,Coffee Shop,,,Buka ⋅ Tutup pukul 22.00,cafe  bantul,2025-08-28T14:00:49.106257,extract_from_url,0.9
Javanesa Coffee,"Kedai Kopi ·  · 489G+52V, Jl. Gatot Subroto",0.0,0,Rp 1–25.000,-7.8819607,110.3250778,Bantul,,Bantul,Coffee Shop,,,Buka ⋅ Tutup pukul 22.00,cafe  bantul,2025-08-28T14:00:49.125670,extract_from_url,0.9
Temani Ngopi,Kafe · Jl. Urip Sumoharjo No.8,0.0,0,Rp 1–25.000,-7.8916675,110.3291109,Bantul,,Bantul,Modern,,,Buka ⋅ Tutup pukul 23.00,cafe  bantul,2025-08-28T14:00:49.148851,extract_from_url,0.9
Arka Coffee and Space,Kedai Kopi ·  · Jl. Taman Sari No.1/310,0.0,0,Rp 25–50 rb,-7.8101671,110.3603694,Yogyakarta,,Yogyakarta,Coffee Shop,,,Buka ⋅ Tutup pukul 00.00,cafe  dekat keraton yogyakarta,2025-08-28T14:01:12.008986,extract_from_url,0.9
OKID Cafe,Kedai Kopi · Jl. Panembahan No.1-3,0.0,0,Rp 25–50 rb,-7.8063147,110.3676935,Yogyakarta,,Yogyakarta,Modern,,,Buka ⋅ Tutup pukul 00.00,cafe  dekat keraton yogyakarta,2025-08-28T14:01:12.063631,extract_from_url,0.9
Negra Coffee,Kedai Kopi · Jl. Polowijan No.42,0.0,0,Rp 25–50 rb,-7.8078153,110.3594167,,,Yogyakarta,Coffee Shop,,,Buka ⋅ Tutup pukul 00.00,cafe  dekat keraton yogyakarta,2025-08-28T14:01:12.124617,extract_from_url,0.9
Sapulu Coffee,Kafe ·  · Jl. Panembahan Mangkurat No.10,0.0,0,Rp 25–50 rb,-7.80701,110.3667512,Yogyakarta,,Yogyakarta,Coffee Shop,,,Buka ⋅ Tutup pukul 22.00,cafe  dekat keraton yogyakarta,2025-08-28T14:01:12.126589,extract_from_url,0.9
HSCO. Had Some Coffee.,Kedai Kopi · Jl. Pekapalan,0.0,0,Rp 25–50 rb,-7.802682,110.3636682,Yogyakarta,,Yogyakarta,Coffee Shop,,,Buka ⋅ Tutup pukul 22.00,cafe  dekat keraton yogyakarta,2025-08-28T14:01:12.163858,extract_from_url,0.9
Lunaria Coffee Yogyakarta,Kedai Kopi ·  · Jl. Gedongkiwo No.29,0.0,0,Rp 25–50 rb,-7.8137018,110.3540593,,,Yogyakarta,Coffee Shop,,,Buka ⋅ Tutup pukul 23.00,cafe  dekat keraton yogyakarta,2025-08-28T14:01:12.279757,extract_from_url,0.9
Mamahké Jogja,"Kafe · KT 1 329 Kraton, Jl. Taman",0.0,0,Rp 25–50 rb,-7.8110569,110.3604807,Yogyakarta,,Yogyakarta,Modern,,,Buka ⋅ Tutup pukul 22.00,cafe  dekat keraton yogyakarta,2025-08-28T14:01:12.281664,extract_from_url,0.9
Solaria - Bandara Internasional Yogyakarta,,0.0,0,Rp 25–75 rb,-7.8991921,110.059172,,,Yogyakarta,Modern,,,Buka ⋅ Tutup pukul 21.00,cafe  dekat yogyakarta international airport,2025-08-28T14:01:33.071924,extract_from_url,0.9
Kafi:n YIA Yogyakarta International Airport,,0.0,0,,-7.899826,110.0594454,,,Yogyakarta,Modern,,,Buka ⋅ Tutup pukul 20.00,cafe  dekat yogyakarta international airport,2025-08-28T14:01:33.119177,extract_from_url,0.9
Starbucks Kulon Progo Airport,"Kedai Kopi ·  · Bandar Udara Internasional Yogyakarta, Jl. Wates - Purworejo No.Km, RW.42",0.0,0,$$,-7.9000051,110.0585588,,,Yogyakarta,Modern,,,Buka ⋅ Tutup pukul 19.30,cafe  dekat yogyakarta international airport,2025-08-28T14:01:33.126722,extract_from_url,0.9
Kopi NYIA,Rumah Makan ·  · Jl. Wates - Purworejo No.Km. 10,0.0,0,Rp 25–50 rb,-7.8871402,110.0787396,,,Yogyakarta,Modern,,,Buka ⋅ Tutup pukul 22.00,cafe  dekat yogyakarta international airport,2025-08-28T14:01:33.128549,extract_from_url,0.9
Roti'O - Yogyakarta International Airport,,0.0,0,Rp 25–50 rb,-7.8991623,110.059625,,,Yogyakarta,Modern,,,,cafe  dekat yogyakarta international airport,2025-08-28T14:01:33.248981,extract_from_url,0.9
Parking Coffee,,0.0,0,Rp 25–50 rb,-7.8965111,110.0603704,,,Yogyakarta,Coffee Shop,,,Buka ⋅ Tutup pukul 20.00,cafe  dekat yogyakarta international airport,2025-08-28T14:01:33.304520,extract_from_url,0.9
Jolla Coffee & Eatery,,0.0,0,,-7.8878421,110.0747439,,,Yogyakarta,Coffee Shop,,,Buka ⋅ Tutup pukul 20.00,cafe  dekat yogyakarta international airport,2025-08-28T14:01:33.422410,extract_from_url,0.9
Azen Coffee Malioboro,Kedai Kopi · Jl. Suryatmajan No.39,0.0,0,Rp 25–50 rb,-7.7964764,110.3678926,Yogyakarta,,Yogyakarta,Coffee Shop,,,Buka ⋅ Tutup pukul 00.00,cafe  malioboro,2025-08-28T14:01:52.497595,extract_from_url,0.9
Karta Coffee & Eatery,"Kafe · Karta Coffee & Eatery, Jl. Malioboro. 52-58, Suryatmajan, Danurejan Plaza Malioboro, Lt. 1 Unit 13-16",0.0,0,Rp 25–50 rb,-7.7936271,110.3658864,Yogyakarta,,Yogyakarta,Coffee Shop,,,Buka ⋅ Tutup pukul 22.00,cafe  malioboro,2025-08-28T14:01:52.499604,extract_from_url,0.9
Sellie Coffee Malioboro,,0.0,0,Rp 25–50 rb,-7.7939257,110.3654873,Yogyakarta,,Yogyakarta,Coffee Shop,,,Buka ⋅ Tutup pukul 23.30,cafe  malioboro,2025-08-28T14:01:52.519072,extract_from_url,0.9
Loko Cafe - Malioboro,"Kafe · Komp. Ps. Kembang, Jl. Ps. Kembang",0.0,0,Rp 25–50 rb,-7.7897901,110.3657681,Yogyakarta,,Yogyakarta,Modern,,,Buka ⋅ Tutup pukul 23.00,cafe  malioboro,2025-08-28T14:01:52.590498,extract_from_url,0.9
LAJU MALIOBORO,Kedai Kopi · Jl. Ps. Kembang No.95,0.0,0,Rp 1–25.000,-7.7897405,110.3645237,Yogyakarta,,Yogyakarta,Modern,,,Buka ⋅ Tutup pukul 21.00,cafe  malioboro,2025-08-28T14:01:52.695040,extract_from_url,0.9
Kala Jumpa Bar & Dine,Kafe ·  · Jl. Malioboro No.42,0.0,0,Rp 50–75 rb,-7.793899,110.3658441,Yogyakarta,,Yogyakarta,Modern,,,Buka ⋅ Tutup pukul 23.30,cafe  malioboro,2025-08-28T14:01:52.753327,extract_from_url,0.9
Selonjor Coffee Lor Malioboro,"Kafe · Jl. P. Mangkubumi No.51, RW.001",0.0,0,Rp 1–50.000,-7.7863923,110.3664651,Yogyakarta,,Yogyakarta,Coffee Shop,,,Buka ⋅ Tutup pukul 00.00,cafe  malioboro,2025-08-28T14:01:52.777760,extract_from_url,0.9
Heum coffee & space,Kafe · Jl. Ring Road Utara No.274,0.0,0,Rp 25–50 rb,-7.7599673,110.4054851,Sleman,,Sleman,Coffee Shop,,,Buka ⋅ Tutup pukul 23.00,cafe  sleman,2025-08-28T14:02:15.616751,extract_from_url,0.9
Kaktus Coffee Place,"Kedai Kopi ·  · Jl. Gondang Raya No.4-5, RT.08/RW.63",0.0,0,Rp 25–50 rb,-7.756383,110.3932267,Sleman,,Sleman,Coffee Shop,,,Buka ⋅ Tutup pukul 23.00,cafe  sleman,2025-08-28T14:02:15.618484,extract_from_url,0.9
Samasta coffee,,0.0,0,Rp 25–50 rb,-7.7422727,110.4048259,Sleman,,Sleman,Coffee Shop,,,Buka ⋅ Tutup pukul 00.00,cafe  sleman,2025-08-28T14:02:15.625035,extract_from_url,0.9
Jempolan Coffee & Eatery,Kedai Kopi · Jl. Sidoasih No.3A,0.0,0,Rp 25–50 rb,-7.7341524,110.399428,Sleman,,Sleman,Coffee Shop,,,Buka ⋅ Tutup pukul 23.00,cafe  sleman,2025-08-28T14:02:15.626947,extract_from_url,0.9
Alayya cafe & resto,Kedai Kopi · Jl. Garuda No.200,0.0,0,Rp 25–50 rb,-7.7543849,110.3989207,Sleman,,Sleman,Cafe & Restaurant,,,Buka ⋅ Tutup pukul 00.00,cafe  sleman,2025-08-28T14:02:15.744517,extract_from_url,0.9
Warmindo Cafe Bunga Teteh,"Kafe ·  · 6CX5+WFQ, Jl. Persatuan Condongcatur No.91B",0.0,0,Rp 1–25.000,-7.7502156,110.4085941,Sleman,,Sleman,Modern,,,Buka 24 jam,cafe  sleman,2025-08-28T14:02:15.890034,extract_from_url,0.9
Qamari Coffee & Eatery,Kafe · Jl. Affandi No.30,0.0,0,Rp 25–50 rb,-7.7620109,110.3939408,Sleman,,Sleman,Coffee Shop,,,Buka ⋅ Tutup pukul 22.00,cafe  sleman,2025-08-28T14:02:15.928909,extract_from_url,0.9
Legend Coffee,Kafe ·  · Jl. Abu Bakar Ali No.24-26,0.0,0,Rp 25–50 rb,-7.7881602,110.372794,Yogyakarta,,Yogyakarta,Coffee Shop,,,Buka ⋅ Tutup pukul 01.00,cafe  yogyakarta,2025-08-28T14:02:39.239608,extract_from_url,0.9
TETRA Coffee & Eatery - Yogyakarta // Terra Coffee,Kedai Kopi · Jl. Sagan Baru III No.5,0.0,0,Rp 25–50 rb,-7.780238,110.3779041,Yogyakarta,,Yogyakarta,Coffee Shop,,,Buka ⋅ Tutup pukul 23.00,cafe  yogyakarta,2025-08-28T14:02:39.244851,extract_from_url,0.9
Sunset Coffee & Eatery,Kedai Kopi · Jl. Nologaten,0.0,0,Rp 25–50 rb,-7.7739888,110.4011155,Sleman,,Sleman,Coffee Shop,,,Buka ⋅ Tutup pukul 00.30,cafe  yogyakarta,2025-08-28T14:02:39.245089,extract_from_url,0.9
Jeeva Yogyakarta,Kedai Kopi · Jl. Suhartono No.2,0.0,0,Rp 50–75 rb,-7.7848923,110.3754035,Yogyakarta,,Yogyakarta,Modern,,,Buka ⋅ Tutup pukul 22.00,cafe  yogyakarta,2025-08-28T14:02:39.246632,extract_from_url,0.9
Nyore Coffee & Space,Kafe · Jl. Margo Utomo No.79,0.0,0,Rp 25–50 rb,-7.7852247,110.3665953,Yogyakarta,,Yogyakarta,Coffee Shop,,,Buka ⋅ Tutup pukul 00.00,cafe  yogyakarta,2025-08-28T14:02:39.514794,extract_from_url,0.9
Blanco Coffee and Books,Kedai Kopi ·  · Jl. Kranggan No.30,0.0,0,Rp 25–50 rb,-7.7813975,110.3648099,Yogyakarta,,Yogyakarta,Coffee Shop,,,Buka ⋅ Tutup pukul 00.00,cafe  yogyakarta,2025-08-28T14:02:39.553358,extract_from_url,0.9
Dippo Coffee and Eatery,,0.0,0,Rp 1–25.000,-7.875425,110.3484552,Bantul,,Bantul,Coffee Shop,,,Buka ⋅ Tutup pukul 23.00,cafe best bantul,2025-08-28T14:03:03.039144,extract_from_url,0.9
Toska Kahve Roastery (Bantul),Kedai Kopi · Jl. Kh Wahid Hasyim No.24,0.0,0,Rp 25–50 rb,-7.8922198,110.3253968,Bantul,,Bantul,Roastery,,,Buka ⋅ Tutup pukul 00.00,cafe best bantul,2025-08-28T14:03:03.298841,extract_from_url,0.9
Water castle cafe,Kafe ·  · Jl. Polowijan,0.0,0,Rp 25–50 rb,-7.8087025,110.3599949,,,Yogyakarta,Modern,,,Buka ⋅ Tutup pukul 15.30,cafe best dekat keraton yogyakarta,2025-08-28T14:03:25.303222,extract_from_url,0.9
Koping Cafe,Kafe · Jl. Brigjen Katamso No.75,0.0,0,,-7.8058723,110.3694758,Yogyakarta,,Yogyakarta,Modern,,,Buka ⋅ Tutup pukul 21.30,cafe best dekat keraton yogyakarta,2025-08-28T14:03:25.448819,extract_from_url,0.9
Cuena Coffee House,Kedai Kopi ·  · Perumahan Darussalam III No.C14,0.0,0,Rp 25–50 rb,-7.7503658,110.4130005,Sleman,,Sleman,Coffee Shop,,,Buka ⋅ Tutup pukul 21.30,cafe best sleman,2025-08-28T14:04:10.858661,extract_from_url,0.9
Obie Cafe & Space,Kedai Kopi · Jl. Pogung Raya,0.0,0,Rp 25–50 rb,-7.7565308,110.3749286,Sleman,,Sleman,Modern,,,Buka ⋅ Tutup pukul 00.00,cafe best sleman,2025-08-28T14:04:10.860700,extract_from_url,0.9
Mossa Coffee,Kedai Kopi · Jl. Wijaya Kusuma No.234,0.0,0,Rp 1–25.000,-7.7531587,110.4089242,Sleman,,Sleman,Coffee Shop,,,Buka ⋅ Tutup pukul 00.00,cafe best sleman,2025-08-28T14:04:10.922998,extract_from_url,0.9
Five Seven Coffee & Billiard,"Kafe ·  · Jl. Perumnas, Dabag, Condongcatur",0.0,0,Rp 25–50 rb,-7.7708374,110.405329,Sleman,,Sleman,Coffee Shop,,,Buka ⋅ Tutup pukul 03.00,cafe best sleman,2025-08-28T14:04:11.011525,extract_from_url,0.9
KAFE basabasi Concat,Kafe ·  · Jl. Sukoharjo No.1i,0.0,0,Rp 1–25.000,-7.749623,110.3990531,Sleman,,Sleman,Modern,,,Buka ⋅ Tutup pukul 02.00,cafe best sleman,2025-08-28T14:04:11.012983,extract_from_url,0.9
Simetri Coffee Roaster,Kedai Kopi · Jl. Sabirin No.20,0.0,0,Rp 25–50 rb,-7.784344,110.3740934,Yogyakarta,,Yogyakarta,Roastery,,,Buka ⋅ Tutup pukul 22.45,cafe best yogyakarta,2025-08-28T14:04:32.986261,extract_from_url,0.9
Silol Kopi & Eatery,Kafe · Jl. Suroto,0.0,0,Rp 25–50 rb,-7.7845616,110.3744526,Yogyakarta,,Yogyakarta,Modern,,,Buka 24 jam,cafe best yogyakarta,2025-08-28T14:04:33.091887,extract_from_url,0.9
Tanamera Coffee Yogyakarta,Kafe · Jl. Jend. Sudirman No.3,0.0,0,Rp 50–75 rb,-7.7825783,110.3676083,Yogyakarta,,Yogyakarta,Coffee Shop,,,Buka ⋅ Tutup pukul 22.00,cafe best yogyakarta,2025-08-28T14:04:33.187620,extract_from_url,0.9
Roaster And Bear Restaurant,Kafe ·  · Jl. P. Mangkubumi No.52,0.0,0,$$,-7.7844667,110.3670383,Yogyakarta,,Yogyakarta,Roastery,,,Buka ⋅ Tutup pukul 22.00,cafe best yogyakarta,2025-08-28T14:04:33.286188,extract_from_url,0.9
Tekoff Coffee and Roastery,Kedai Kopi ·  · Jalan Sagan Timur GK 5 1053B,0.0,0,Rp 25–50 rb,-7.7800063,110.3787621,Yogyakarta,,Yogyakarta,Roastery,,,Buka ⋅ Tutup pukul 20.00,cafe best yogyakarta,2025-08-28T14:04:33.313263,extract_from_url,0.9
Kopi Dari Hati & Toast Rooftop Bantul,Kedai Kopi · Jl. Jend. Sudirman No.60,0.0,0,Rp 1–25.000,-7.8861122,110.3304266,Bantul,,Bantul,Modern,,,Buka ⋅ Tutup pukul 22.00,cafe buat nugas bantul,2025-08-28T14:04:55.255572,extract_from_url,0.9
Sinom Coffee & Space,Kedai Kopi · Jl. Bugisan Selatan No.95,0.0,0,Rp 1–25.000,-7.8225102,110.3477073,Bantul,,Bantul,Coffee Shop,,,Buka ⋅ Tutup pukul 22.00,cafe buat nugas bantul,2025-08-28T14:04:55.258278,extract_from_url,0.9
Memoria Cafe & Event Space,Kafe ·  · Jl. Srandakan No.RT 04,0.0,0,Rp 25–50 rb,-7.9092186,110.2970206,,,Yogyakarta,Modern,,,Buka ⋅ Tutup pukul 22.00,cafe buat nugas bantul,2025-08-28T14:04:55.337251,extract_from_url,0.9
Teman Bicara Cafe,,0.0,0,Rp 1–25.000,-7.8524714,110.3901368,Bantul,,Bantul,Modern,,,Buka ⋅ Tutup pukul 23.00,cafe buat nugas bantul,2025-08-28T14:04:55.386739,extract_from_url,0.9
Noren Coffee & Roastery,Kedai Kopi · Jl. Sosrokusuman No.178-109,0.0,0,Rp 1–25.000,-7.7938604,110.3666938,Yogyakarta,,Yogyakarta,Roastery,,,Buka ⋅ Tutup pukul 23.30,cafe buat nugas malioboro,2025-08-28T14:05:16.287906,extract_from_url,0.9
BelajaR Ngopi Yogyakarta,"Kedai Kopi · Jl. Hayam Wuruk No.14, RW.001",0.0,0,,-7.795797,110.3727691,Yogyakarta,,Yogyakarta,Modern,,,Buka ⋅ Tutup pukul 22.00,cafe buat nugas malioboro,2025-08-28T14:05:16.434549,extract_from_url,0.9
Lantai Bumi,Kedai Kopi ·  · Jl. Pogung Baru,0.0,0,Rp 25–50 rb,-7.7596891,110.3763809,Sleman,,Sleman,Modern,,,Buka ⋅ Tutup pukul 00.00,cafe buat nugas sleman,2025-08-28T14:05:37.391416,extract_from_url,0.9
Sacaluna Coffee,Kedai Kopi · Jl. Sidomulyo No.10a,0.0,0,Rp 25–50 rb,-7.7397471,110.3988953,Sleman,,Sleman,Coffee Shop,,,Tutup ⋅ Buka pukul 16.00,cafe buat nugas sleman,2025-08-28T14:05:37.393659,extract_from_url,0.9
Coffee Deeen,Kedai Kopi · Gg. Mangga III No.7j,0.0,0,Rp 1–50.000,-7.7808612,110.4101998,,,Yogyakarta,Coffee Shop,,,Buka ⋅ Tutup pukul 22.00,cafe buat nugas sleman,2025-08-28T14:05:37.439419,extract_from_url,0.9
CLBK Kopi Gejayan,Kedai Kopi · Jl. Affandi No.25 B,0.0,0,,-7.7715823,110.389749,Sleman,,Sleman,Modern,,,Buka ⋅ Tutup pukul 23.00,cafe buat nugas sleman,2025-08-28T14:05:37.559067,extract_from_url,0.9
Peacockoffie Palagan,Kedai Kopi ·  · Jl. Palagan Tentara Pelajar No.61C,0.0,0,Rp 25–50 rb,-7.7433221,110.3740697,Sleman,,Sleman,Modern,,,Buka 24 jam,cafe buat nugas sleman,2025-08-28T14:05:37.560729,extract_from_url,0.9
Bolivar Coffee,Kedai Kopi · Jl. Sepakbola No.03,0.0,0,Rp 25–50 rb,-7.7631191,110.4058353,Sleman,,Sleman,Coffee Shop,,,Buka ⋅ Tutup pukul 01.00,cafe buat nugas sleman,2025-08-28T14:05:37.673892,extract_from_url,0.9
Peachy Coffee & Work Space,Kedai Kopi · Jl. Taman Siswa No.108 C,0.0,0,Rp 25–50 rb,-7.8128071,110.3764875,Yogyakarta,,Yogyakarta,Coffee Shop,,,Buka ⋅ Tutup pukul 23.00,cafe buat nugas yogyakarta,2025-08-28T14:05:57.954892,extract_from_url,0.9
Dummin Coffee & Space UKDW,"Kedai Kopi · Jl. Dr. Wahidin Sudirohusodo No.34, RT.14/RW.04",0.0,0,Rp 25–50 rb,-7.7862167,110.3788211,Yogyakarta,,Yogyakarta,Coffee Shop,,,Buka 24 jam,cafe buat nugas yogyakarta,2025-08-28T14:05:58.086783,extract_from_url,0.9
Vito Cafe - Cokroaminoto,Kedai Kopi · Jl. HOS Cokroaminoto No.80,0.0,0,,-7.7941673,110.3533172,,,Yogyakarta,Modern,,,Buka ⋅ Tutup pukul 03.00,cafe buat nugas yogyakarta,2025-08-28T14:05:58.146455,extract_from_url,0.9
Dorpie Coffee,Kafe · Jl. Imogiri Barat No.KM 7,0.0,0,Rp 25–50 rb,-7.859847,110.3747034,Bantul,,Bantul,Coffee Shop,,,Buka ⋅ Tutup pukul 22.30,cafe cozy bantul,2025-08-28T14:07:49.623021,extract_from_url,0.9
Passion Coffee,Kedai Kopi · Jl. Kenanga No.7,0.0,0,Rp 25–50 rb,-7.8419918,110.322742,Bantul,,Bantul,Coffee Shop,,,Buka ⋅ Tutup pukul 20.00,cafe cozy bantul,2025-08-28T14:07:49.865992,extract_from_url,0.9
Dei Story Coffee,"Kedai Kopi · 38WC+4F2, Jl. Kh Wahid Hasyim",0.0,0,Rp 1–25.000,-7.9047274,110.3211312,Bantul,,Bantul,Coffee Shop,,,Buka ⋅ Tutup pukul 22.00,cafe cozy bantul,2025-08-28T14:07:49.867815,extract_from_url,0.9
Kopine Eyang,Kafe · Jl. Panembahan,0.0,0,Rp 1–25.000,-7.8062808,110.3672986,Yogyakarta,,Yogyakarta,Modern,,,Buka ⋅ Tutup pukul 23.30,cafe cozy dekat keraton yogyakarta,2025-08-28T14:08:11.910904,extract_from_url,0.9
Civet Coffee Malioboro,Kedai Kopi · Jl. Ps. Kembang No.35,0.0,0,Rp 1–25.000,-7.7900113,110.3640733,Yogyakarta,,Yogyakarta,Coffee Shop,,,Buka ⋅ Tutup pukul 23.30,cafe cozy malioboro,2025-08-28T14:08:36.008082,extract_from_url,0.9
C28 Social Space - Malioboro,Kedai Kopi · Jl. Kemetiran Lor No.6,0.0,0,Rp 25–50 rb,-7.7913378,110.3613557,Yogyakarta,,Yogyakarta,Modern,,,Buka 24 jam,cafe cozy malioboro,2025-08-28T14:08:36.142041,extract_from_url,0.9
Podomoro coffee,Kafe · Jl. Malioboro No.32,0.0,0,,-7.7939933,110.3658194,Yogyakarta,,Yogyakarta,Coffee Shop,,,Tutup ⋅ Buka pukul 20.00,cafe cozy malioboro,2025-08-28T14:08:36.219991,extract_from_url,0.9
Stay Lounge,Kafe · Jl. Wijaya Kusuma,0.0,0,Rp 25–50 rb,-7.7525205,110.4094343,Sleman,,Sleman,Modern,,,Buka ⋅ Tutup pukul 23.00,cafe cozy sleman,2025-08-28T14:08:58.914978,extract_from_url,0.9
Raya's Coffee & Roastery,Kedai Kopi · Gang Sulawesi VIII No.2 Sariharjo,0.0,0,Rp 25–50 rb,-7.7496983,110.3801879,Sleman,,Sleman,Roastery,,,Buka ⋅ Tutup pukul 23.00,cafe cozy sleman,2025-08-28T14:08:58.970302,extract_from_url,0.9
Carani Coffee & Eatery,Kedai Kopi · Jl. Wijaya Kusuma,0.0,0,Rp 25–50 rb,-7.7527783,110.4090282,Sleman,,Sleman,Coffee Shop,,,Tutup ⋅ Buka pukul 16.00,cafe cozy sleman,2025-08-28T14:08:59.006862,extract_from_url,0.9
JogJazz Kitchen and Cafe,Restoran · Jl. Munggur No.50,0.0,0,Rp 25–50 rb,-7.785136,110.3882895,Yogyakarta,,Yogyakarta,Cafe & Restaurant,,,Buka ⋅ Tutup pukul 22.00,cafe cozy yogyakarta,2025-08-28T14:09:21.065611,extract_from_url,0.9
Sisi Selatan Coffee and eatery,Kedai Kopi · Jl. Ngeksigondo No.54,0.0,0,Rp 25–50 rb,-7.8205136,110.3995047,Bantul,,Bantul,Coffee Shop,,,Buka ⋅ Tutup pukul 22.30,cafe cozy yogyakarta,2025-08-28T14:09:21.342239,extract_from_url,0.9
Pour Over Coffee Indonesia,,0.0,0,Rp 1–50.000,-7.8345972,110.3240474,Bantul,,Bantul,Coffee Shop,,,Buka ⋅ Tutup pukul 00.00,cafe hits bantul,2025-08-28T14:09:41.559828,extract_from_url,0.9
Kebon Ndalem Coffee & Eatery,Restoran ·  · Jl. Pangeran Diponegoro No.2,0.0,0,Rp 25–75 rb,-7.7826892,110.366864,Yogyakarta,,Yogyakarta,Coffee Shop,,,Buka ⋅ Tutup pukul 00.00,cafe hits keraton yogyakarta,2025-08-28T14:10:17.678294,extract_from_url,0.9
Bale Raos - The Sultan's Dishes,Indonesia ·  · Jl. Magangan Kulon No.1,0.0,0,$$,-7.8084895,110.3630646,Yogyakarta,,Yogyakarta,Modern,,,Buka ⋅ Tutup pukul 22.00,cafe hits keraton yogyakarta,2025-08-28T14:10:17.767211,extract_from_url,0.9
ANDORRA,"Kafe ·  · PYRENEES Yogyakarta, Jl. Sosrowijayan No.1 lantai 1",0.0,0,Rp 25–50 rb,-7.791829,110.365605,Yogyakarta,,Yogyakarta,Modern,,,Buka ⋅ Tutup pukul 22.00,cafe hits malioboro,2025-08-28T14:10:39.332381,extract_from_url,0.9
Epic Coffee & Epilog Furniture,Kedai Kopi ·  · Jl. Palagan Tentara Pelajar No.29,0.0,0,$$$,-7.7340243,110.3776673,Sleman,,Sleman,Coffee Shop,,,Buka ⋅ Tutup pukul 23.00,cafe hits sleman,2025-08-28T14:11:02.931461,extract_from_url,0.9
Filosofi Kopi Jogja,Kedai Kopi ·  · Jl. Pandhawa No.001/17,0.0,0,Rp 25–50 rb,-7.7275923,110.3770166,Sleman,,Sleman,Modern,,,Buka ⋅ Tutup pukul 22.30,cafe hits sleman,2025-08-28T14:11:02.937421,extract_from_url,0.9
RUMINATE Coffee & Roastery,Kedai Kopi · Jl. Lempongsari No.111,0.0,0,Rp 25–50 rb,-7.7506553,110.3734845,Sleman,,Sleman,Roastery,,,Buka ⋅ Tutup pukul 00.00,cafe hits sleman,2025-08-28T14:11:02.990571,extract_from_url,0.9
Carney Co,Kafe · Jl. Garuni II,0.0,0,Rp 25–50 rb,-7.7754467,110.4099001,Sleman,,Sleman,Modern,,,Buka ⋅ Tutup pukul 01.00,cafe hits sleman,2025-08-28T14:11:03.009745,extract_from_url,0.9
NOX Coffee Boutique,"Kedai Kopi ·  · Natasha Skin Clinic Jalan Kaliurang, KM.5 No, Jl. Kaliurang KM.5 No.53 2nd floor",0.0,0,Rp 25–50 rb,-7.7579066,110.3816834,Sleman,,Sleman,Coffee Shop,,,Buka ⋅ Tutup pukul 23.30,cafe hits sleman,2025-08-28T14:11:03.085715,extract_from_url,0.9
Estuary Café,"Kedai Kopi ·  · Gang Code 3, Karangjati Wetan, No.170 C, Monjali St, RT.06/RW.45",0.0,0,Rp 25–50 rb,-7.7634358,110.3698101,Sleman,,Sleman,Modern,,,Buka ⋅ Tutup pukul 23.00,cafe hits sleman,2025-08-28T14:11:03.207370,extract_from_url,0.9
Jog.Ya! By Kepomo,Kafe · Jl. Siliran Lor,0.0,0,Rp 25–50 rb,-7.81342,110.3661041,Yogyakarta,,Yogyakarta,Modern,,,Buka ⋅ Tutup pukul 23.00,cafe instagrammable keraton yogyakarta,2025-08-28T14:12:20.342715,extract_from_url,0.9
Tumbas Mimik Milkshake and Coffee(ꦠꦸꦩ꧀ꦧꦱ꧀ꦩꦶꦩꦶꦏ꧀),,0.0,0,$,-7.7931698,110.3675152,Yogyakarta,,Yogyakarta,Coffee Shop,,,Tutup ⋅ Buka pukul 17.00,cafe instagrammable malioboro,2025-08-28T14:12:44.143948,extract_from_url,0.9
Exit Roofbar,"Kafe · Grage Ramayana Hotel, Jl. Sosrowijayan No.33 Lt. 5",0.0,0,,-7.7923073,110.3639489,Yogyakarta,,Yogyakarta,Modern,,,Tutup ⋅ Buka pukul 17.00,cafe instagrammable malioboro,2025-08-28T14:12:44.362582,extract_from_url,0.9
NAMYRA WARMINDO CAFE- JOGJA || Tempat Nongki Terasyiikkk || Musholla - Toilet - Super Wifi - Colokan - Instagramable,Indonesia ·  · Jl. Raya Tajem,0.0,0,Rp 1–25.000,-7.7463599,110.4344941,,,Yogyakarta,Modern,,,Buka ⋅ Tutup pukul 23.30,cafe instagrammable sleman,2025-08-28T14:13:06.755047,extract_from_url,0.9
LUMI Coffee,Kedai Kopi ·  · Jl. Sukoharjo No.3J,0.0,0,Rp 25–50 rb,-7.7512908,110.3986358,Sleman,,Sleman,Coffee Shop,,,Buka ⋅ Tutup pukul 22.00,cafe instagrammable sleman,2025-08-28T14:13:06.999293,extract_from_url,0.9
Rambat Coffee & Space,Kedai Kopi ·  · Jl. Perumnas No.240a,0.0,0,Rp 25–50 rb,-7.7745554,110.4046826,Sleman,,Sleman,Coffee Shop,,,Buka ⋅ Tutup pukul 23.00,cafe instagrammable yogyakarta,2025-08-28T14:13:30.124762,extract_from_url,0.9
Kalluna ( ꧋ꦏꦭ꧀ꦭꦸꦤ꧉) Café & Restaurant,Kafe ·  · Jl. Sajiono No.13,0.0,0,Rp 50–100 rb,-7.7856615,110.3736787,Yogyakarta,,Yogyakarta,Cafe & Restaurant,,,Buka ⋅ Tutup pukul 22.30,cafe instagrammable yogyakarta,2025-08-28T14:13:30.337559,extract_from_url,0.9
Moon Cafe Yogyakarta,Kedai Kopi · Jl. Sungapan No.4,0.0,0,Rp 1–25.000,-7.8300824,110.3239523,Bantul,,Bantul,Modern,,,Tutup ⋅ Buka pukul 15.00,cafe late night bantul,2025-08-28T14:13:53.002332,extract_from_url,0.9
Rodjo Coffee & Bakery,Kafe · Jl. Malioboro No.87,0.0,0,,-7.7936303,110.3656346,Yogyakarta,,Yogyakarta,Coffee Shop,,,Buka ⋅ Tutup pukul 23.00,cafe late night malioboro,2025-08-28T14:14:12.535401,extract_from_url,0.9
Mula Cafe and Eatery,"Kedai Kopi ·  · Jl. Karangsari No.23, RW.03",0.0,0,Rp 25–50 rb,-7.7472775,110.4281625,,,Yogyakarta,Modern,,,Tutup ⋅ Buka pukul 15.00,cafe late night sleman,2025-08-28T14:14:34.237536,extract_from_url,0.9
Ekstens Coffee & Space,Kedai Kopi ·  · Jl. Raya Janti No.486,0.0,0,Rp 25–50 rb,-7.7989392,110.4091358,,,Yogyakarta,Coffee Shop,,,Buka ⋅ Tutup pukul 00.00,cafe live music bantul,2025-08-28T14:15:14.826123,extract_from_url,0.9
TAM Music (Khanza Live Music),Musik Live · Gg. Saron No.207,0.0,0,,-7.810134,110.3400214,,,Yogyakarta,Modern,,,Buka ⋅ Tutup pukul 20.30,cafe live music bantul,2025-08-28T14:15:14.853160,extract_from_url,0.9
Warung Wedangan 77,Kedai Kopi · Jl. Mawar No.11,0.0,0,Rp 1–50.000,-7.8598972,110.3404822,Bantul,,Bantul,Traditional,,,Tutup ⋅ Buka pukul 17.00,cafe live music bantul,2025-08-28T14:15:15.005075,extract_from_url,0.9
Kopi Kampung Ambarukmo (Kokambar),Kafe ·  · Jalan Kampung Ambarukmo,0.0,0,Rp 25–50 rb,-7.7875152,110.40371,,,Yogyakarta,Modern,,,Buka ⋅ Tutup pukul 01.30,cafe live music bantul,2025-08-28T14:15:15.051196,extract_from_url,0.9
Lucifer,Kafe ·  · Jl. Sosrowijayan No.71,0.0,0,$$,-7.7916431,110.361824,Yogyakarta,,Yogyakarta,Modern,,,Tutup ⋅ Buka pukul 17.00,cafe live music malioboro,2025-08-28T14:15:34.383462,extract_from_url,0.9
10/10 Pool Bar Rooftop,"Bar ·  · 10th floor of Novotel Suites, Jl. Malioboro No.52 58",0.0,0,,-7.7931709,110.3665629,Yogyakarta,,Yogyakarta,Modern,,,Buka ⋅ Tutup pukul 00.00,cafe live music malioboro,2025-08-28T14:15:34.487441,extract_from_url,0.9
Kedai Permana & Live Music,"Kedai Kopi · 784X+4QV, Jl. Kronggahan I",0.0,0,,-7.7446308,110.3494348,,,Yogyakarta,Modern,,,Buka ⋅ Tutup pukul 00.00 · 0821-3480-4078,cafe live music sleman,2025-08-28T14:15:54.994075,extract_from_url,0.9
The Brewing Room,"Kedai Kopi · Jl. Pandean Sari III No.10, Candok Condongcatur, Kec. Depok, Kabupaten Sleman Daerah Istimewa",0.0,0,Rp 25–50 rb,-7.7582021,110.3918881,Sleman,,Sleman,Modern,,,Buka ⋅ Tutup pukul 00.00 · 0811-8778-877,cafe live music sleman,2025-08-28T14:15:55.120838,extract_from_url,0.9
Dunia Kita Coffee & Resto,Restoran ·  · Jl. Seturan Raya No.168 A,0.0,0,Rp 25–50 rb,-7.7705978,110.4097514,Sleman,,Sleman,Coffee Shop,,,Buka ⋅ Tutup pukul 22.00 · 0813-2612-1328,cafe live music sleman,2025-08-28T14:15:55.242333,extract_from_url,0.9
Reborn Hangout Bar,"Bar Dengan Pentas Musik · 6CP9+W4J, Jalan Ring Road Utara, Jl. Utama",0.0,0,,-7.7626561,110.4177806,Sleman,,Sleman,Modern,,,,cafe live music sleman,2025-08-28T14:15:55.384970,extract_from_url,0.9
teaLOGi Sky View,Kafe · Jl. Tambak Bayan Jl. Babarsari,0.0,0,Rp 25–50 rb,-7.7749331,110.4182748,Sleman,,Sleman,Modern,,,Buka ⋅ Tutup pukul 23.00 · 0851-5683-2282,cafe live music sleman,2025-08-28T14:15:55.434614,extract_from_url,0.9
ESKALA Eatery Bar & Coffee,Kafe · Jl. Palagan Tentara Pelajar,0.0,0,$$,-7.7258599,110.3812481,Sleman,,Sleman,Coffee Shop,,,Tutup ⋅ Buka pukul 15.00 · (0274) 886324,cafe live music sleman,2025-08-28T14:15:55.454999,extract_from_url,0.9
Taru Martani Coffee & Resto 1918,Kedai Kopi · Jl. Kompol Bambang Suprapto No.2A,0.0,0,Rp 25–50 rb,-7.7910783,110.381436,Yogyakarta,,Yogyakarta,Coffee Shop,,,Buka ⋅ Tutup pukul 00.00,cafe live music yogyakarta,2025-08-28T14:16:14.780016,extract_from_url,0.9
JOJE Cafe & Resto,Gedung Konser ·  · Jl. Veteran No.150-151,0.0,0,,-7.8167002,110.3862906,Yogyakarta,,Yogyakarta,Cafe & Restaurant,,,,cafe live music yogyakarta,2025-08-28T14:16:14.781833,extract_from_url,0.9
Asmara Art and Coffee Shop,Bar Dengan Pentas Musik ·  · Jl. Tirtodipuran No.22,0.0,0,$$,-7.8184945,110.3643875,Yogyakarta,,Yogyakarta,Coffee Shop,,,Tutup ⋅ Buka pukul 17.00,cafe live music yogyakarta,2025-08-28T14:16:15.004868,extract_from_url,0.9
